time,.header.id,.header.msg_type,.header.port_addr,.header.length,.header.sequence,.header.idle_time,.header.time_status,.header.gps_week,.header.gps_week_seconds,.header.receiver_status,.header.reserved,.header.software_version,.ins_status,.position_type,.latitude,.longitude,.altitude,.undulation,.north_velocity,.east_velocity,.up_velocity,.roll,.pitch,.azimuth,.latitude_std,.longitude_std,.altitude_std,.north_velocity_std,.east_velocity_std,.up_velocity_std,.roll_std,.pitch_std,.azimuth_std,.extended_status,.seconds_since_update
2021/09/06/13:36:48.140599,1465,0,64,126,0,115,180,2051,46700000,0,19988,13754,3,54,22.3011554612,114.179000322,6.60528941266,-2.20000004768,-0.00418993180733,0.000415852241083,-0.00197495604174,-1.29447707801,0.291912447942,228.022362634,0.251628041267,0.264120161533,0.249355524778,0.000946541840676,0.00108449545223,0.00106327957474,0.00408375216648,0.00408537918702,0.0563729852438,68,0
2021/09/06/13:36:49.138265,1465,0,64,126,0,107,180,2051,46701000,0,19988,13754,3,54,22.3011553791,114.179000332,6.59589289781,-2.20000004768,0.00136872120136,-0.000457294883442,-0.00281401785917,-1.2998158197,0.28455257781,228.022167091,0.251580297947,0.264012217522,0.245636865497,0.000940439116675,0.00107805547304,0.00105628208257,0.00406989362091,0.00406813807786,0.0564641654491,68,0
2021/09/06/13:36:50.139384,1465,0,64,126,0,107,180,2051,46702000,0,19988,13754,3,54,22.3011552956,114.179000344,6.58528151363,-2.20000004768,-0.0147444781683,0.00615333807847,0.00391768444921,-1.31448049835,0.283995401475,228.019265849,0.251565515995,0.263973861933,0.242706462741,0.000934146111831,0.0010748495115,0.00105235970113,0.0040618525818,0.0040636411868,0.0565710738301,68,0
2021/09/06/13:36:51.125880,1465,0,64,126,0,114,180,2051,46703000,0,19988,13754,3,54,22.3011552148,114.179000355,6.57434173487,-2.20000004768,-0.0131792711426,0.00436438444398,0.00479149312634,-1.30314054975,0.284604588826,228.022845043,0.251554757357,0.263963073492,0.240464627743,0.000928142981138,0.00107352773193,0.00105039845221,0.00406149355695,0.0040606171824,0.0567106828094,68,0
2021/09/06/13:36:52.127814,1465,0,64,126,0,108,180,2051,46704000,0,19988,13754,3,54,22.3011551404,114.179000365,6.56362492684,-2.20000004768,-0.00401237357794,-0.00285272094789,0.00190877995168,-1.29812013341,0.287310453382,228.024081639,0.251540213823,0.263951867819,0.238773673773,0.00092272751499,0.00107288453728,0.00104903662577,0.00406265538186,0.00405893661082,0.0568058565259,68,0
2021/09/06/13:36:53.126406,1465,0,64,126,0,108,180,2051,46705000,0,19988,13754,3,54,22.3011550724,114.179000374,6.55334213097,-2.20000004768,-0.00555177648407,-0.0013343892691,-0.00129276106446,-1.30100453562,0.292182333526,228.023988746,0.251525104046,0.26394328475,0.237510696054,0.000918057456147,0.00107254565228,0.00104798411485,0.00406093383208,0.00405986839905,0.0568998754025,68,0
2021/09/06/13:36:54.871760,1465,0,64,126,0,113,180,2051,46706000,0,19988,13754,3,54,22.3011550102,114.179000381,6.54357991926,-2.20000004768,-0.00239485000581,-1.64600053685e-05,0.00380636560536,-1.30092373029,0.289780097197,228.027456231,0.251510739326,0.263934850693,0.236579477787,0.000914019939955,0.00107227859553,0.00104719109368,0.00406133756042,0.00406001368538,0.0569945722818,68,0
2021/09/06/13:36:57.305726,1465,0,64,126,0,112,180,2051,46707000,0,19988,13754,3,54,22.301154954,114.179000388,6.53439193685,-2.20000004768,0.00330191321747,-0.00122104299617,-0.000764012774908,-1.29923464741,0.296236796077,228.025057507,0.251500874758,0.263928234577,0.23589643836,0.000910754024517,0.00107213202864,0.00104656920303,0.00406043138355,0.00406041974202,0.0571002289653,68,0
2021/09/06/13:37:00.378603,1465,0,64,126,0,112,180,2051,46708000,0,19988,13754,3,54,22.3011549041,114.179000394,6.52584609669,-2.20000004768,-0.00135330109859,0.00151007099753,0.001847342626,-1.29529928797,0.29399330483,228.027420645,0.251492857933,0.263922482729,0.235399052501,0.000908038287889,0.00107187381946,0.00104596558958,0.00405970588326,0.00406098272651,0.0572049915791,68,0
2021/09/06/13:37:05.100282,1465,0,64,126,0,116,180,2051,46709000,0,19988,13754,3,54,22.3011548581,114.179000401,6.51800725795,-2.20000004768,-0.00422898859384,0.0011528793489,0.00854579153944,-1.30201239749,0.290128544885,228.025359955,0.251483350992,0.263917952776,0.235040038824,0.000905918888748,0.00107165984809,0.00104543799534,0.00406102649868,0.0040602623485,0.0572986416519,68,0
2021/09/06/13:37:09.391639,1465,0,64,126,0,109,180,2051,46710000,0,19988,13754,3,54,22.3011548154,114.179000408,6.51090777479,-2.20000004768,-0.00245711077465,-0.000312048327131,0.00504469715796,-1.30242995242,0.290870799659,228.027403047,0.251475960016,0.263913094997,0.234783872962,0.000904225977138,0.0010715147946,0.00104511308018,0.0040584364906,0.00406100042164,0.0573931634426,68,0
2021/09/06/13:37:12.988140,1465,0,64,126,0,109,180,2051,46711000,0,19988,13754,3,54,22.3011547767,114.179000414,6.50446095131,-2.20000004768,0.00203256649427,0.00340110604952,-0.00626673853493,-1.29943734042,0.30063715942,228.021881833,0.25146907568,0.263908237219,0.234603509307,0.000902848609257,0.0010712913936,0.001044768258,0.00405978178605,0.00405934685841,0.0574874617159,68,0
2021/09/06/13:37:17.350916,1465,0,64,126,0,112,180,2051,46712000,0,19988,13754,3,54,22.3011547422,114.179000418,6.49862906709,-2.20000004768,0.00405008371637,-0.00415248986086,0.000382750739042,-1.27766014141,0.3008156986,228.027508282,0.251464128494,0.263907760382,0.234476268291,0.000901716121007,0.00107094331179,0.00104430271313,0.00406411988661,0.00405777990818,0.0576078146696,68,0
2021/09/06/13:37:19.048670,1465,0,64,126,0,108,180,2051,46713000,0,19988,13754,3,54,22.3011547092,114.179000421,6.49331445061,-2.20000004768,-0.00731785697405,0.000199959720967,0.00492466353733,-1.29183316074,0.300719058941,228.02804716,0.251462131739,0.263910740614,0.234387934208,0.000901047780644,0.00107088161167,0.00104398198891,0.0040644374676,0.00405764533207,0.0577441677451,68,0
2021/09/06/13:37:21.849780,1465,0,64,126,0,108,180,2051,46714000,0,19988,13754,3,54,22.3011546773,114.179000425,6.48850349709,-2.20000004768,-0.00850887455624,0.00325439510709,0.00958903408151,-1.3047277755,0.299619487682,228.030992436,0.251458674669,0.263910114765,0.234328553081,0.000900299870409,0.00107064424083,0.00104378710967,0.00406459812075,0.00405728630722,0.05786395818,68,0
2021/09/06/13:37:26.718636,1465,0,64,126,0,116,180,2051,46715000,0,19988,13754,3,54,22.3011546469,114.179000429,6.48413343076,-2.20000004768,0.00312383835673,-0.00358888180261,0.00308611817236,-1.28532351399,0.306921079375,228.031168155,0.251458436251,0.263909906149,0.234289258718,0.000899728154764,0.00107048696373,0.00104362494312,0.00406219670549,0.0040570362471,0.0579994544387,68,0
2021/09/06/13:37:33.577789,1465,0,64,126,0,107,180,2051,46716000,0,19988,13754,3,54,22.3011546171,114.179000434,6.48005938623,-2.20000004768,-0.000947727981039,-0.00345405469428,-0.00472715857574,-1.30249385692,0.314153346663,228.03851152,0.251457750797,0.263913482428,0.234263315797,0.000899323087651,0.00107024505269,0.00104326580185,0.00405774917454,0.00405880762264,0.0581470094621,68,0
2021/09/06/13:37:37.668882,1465,0,64,126,0,107,180,2051,46717000,0,19988,13754,3,54,22.3011545889,114.179000439,6.47621360328,-2.20000004768,0.000667170168591,0.00095994210131,-0.00487904726074,-1.28986480679,0.312842771525,228.037205755,0.251453667879,0.263915479183,0.234247252345,0.000898841186427,0.00106997764669,0.00104303343687,0.00405771518126,0.00405895896256,0.0582856722176,68,0
2021/09/06/13:37:42.408835,1465,0,64,126,0,112,180,2051,46718000,0,19988,13754,3,54,22.3011545623,114.179000447,6.47259238921,-2.20000004768,0.00297543239053,0.00127997693506,-0.00189528666632,-1.28357159339,0.310583870225,228.037986978,0.251449853182,0.263917207718,0.234237968922,0.000898477563169,0.0010697892867,0.00104279967491,0.00405899062753,0.00405839085579,0.0584191419184,68,0
2021/09/06/13:37:44.357043,1465,0,64,126,0,112,180,2051,46719000,0,19988,13754,3,54,22.3011545369,114.179000455,6.46921801288,-2.20000004768,0.000490850301287,0.00175044099608,0.00251588771306,-1.28664265162,0.308240142308,228.038457463,0.251446157694,0.263913393021,0.234233006835,0.000898203987163,0.00106963829603,0.00104255811311,0.00405886629596,0.00405780551955,0.0585112795234,68,0
2021/09/06/13:37:45.127676,1465,0,64,126,0,112,180,2051,46720000,0,19988,13754,3,54,22.3011545116,114.179000464,6.46606652532,-2.20000004768,-0.00543831095301,0.00456417618965,0.00222746155822,-1.28455008876,0.304097177019,228.038638148,0.251442730427,0.263909071684,0.234231039882,0.000897917489056,0.00106948707253,0.00104239501525,0.00405751680955,0.00405725231394,0.0586034432054,68,0
2021/09/06/13:37:45.824048,1465,0,64,126,0,112,180,2051,46721000,0,19988,13754,3,54,22.3011544864,114.179000474,6.46312189288,-2.20000004768,-0.00988591405401,0.00545309041222,0.00574175856919,-1.279899249,0.305980442831,228.039292848,0.251439213753,0.263904780149,0.234231248498,0.000897613645066,0.00106925202999,0.00104218011256,0.00405900506303,0.00405539758503,0.0586954578757,68,0
2021/09/06/13:37:46.940291,1465,0,64,126,0,109,180,2051,46722000,0,19988,13754,3,54,22.3011544623,114.179000483,6.46040102467,-2.20000004768,-0.00190550219126,0.000824249423979,0.00368417539555,-1.27691680585,0.304097042139,228.040703888,0.251436382532,0.263900995255,0.234233051538,0.000897356367204,0.00106901838444,0.00104196427856,0.00406021857634,0.00405416032299,0.0587873160839,68,0
2021/09/06/13:37:47.401263,1465,0,64,126,0,109,180,2051,46723000,0,19988,13754,3,54,22.3011544391,114.179000492,6.45790045243,-2.20000004768,0.0034051143177,-0.00662621660647,0.00217576303104,-1.2794092769,0.301942628943,228.037761949,0.251433700323,0.263898462057,0.23423601687,0.000897265621461,0.00106889172457,0.001041767071,0.00405907584354,0.00405437964946,0.0588775910437,68,0
2021/09/06/13:37:50.477283,1465,0,64,126,0,113,180,2051,46724000,0,19988,13754,3,54,22.3011544169,114.179000501,6.45558772236,-2.20000004768,0.000580147276176,-0.000523348425987,-0.00037897383057,-1.28219319977,0.310651481059,228.042593033,0.251431107521,0.263895004988,0.234239369631,0.000897070334759,0.00106873188633,0.00104167265818,0.00405610073358,0.00405619107187,0.0589679926634,68,0
2021/09/06/13:37:54.093785,1465,0,64,126,0,110,180,2051,46725000,0,19988,13754,3,54,22.301154379,114.17900049,6.4534188034,-2.20000004768,-0.187978321592,-0.220939576896,0.00462835050805,-1.24595437275,0.387505075317,228.051627559,0.251428186893,0.263891577721,0.234243407845,0.000896907120477,0.00106860382948,0.00104154262226,0.00405847467482,0.00405612168834,0.05905912444,68,0
2021/09/06/13:37:58.124015,1465,0,64,126,0,109,180,2051,46726000,0,19988,13754,3,54,22.3011495745,114.178995775,6.37570337206,-2.20000004768,-0.687866839588,-0.779760423114,0.00376898044459,-1.22754291875,0.484937720544,228.143580738,0.25136911869,0.263819932938,0.234249129891,0.00114366877824,0.00152838369831,0.001492421492,0.00447104265913,0.00447309669107,0.059213899076,68,0
2021/09/06/13:38:03.440626,1465,0,64,126,0,109,180,2051,46727000,0,19988,13754,3,54,22.3011407358,114.17898494,6.37634093501,-2.20000004768,-1.20436719568,-1.39759661359,0.0146234666138,-1.29265143979,0.361187543577,227.990068733,0.251302212477,0.26374232769,0.234286129475,0.00147435406689,0.00212027388625,0.00221025035717,0.0048573599197,0.00485485699028,0.0593706332147,450,0
2021/09/06/13:38:06.030556,1465,0,64,126,0,113,180,2051,46728000,0,19988,13754,3,54,22.3011279482,114.178969587,6.37616622634,-2.20000004768,-1.61601924988,-1.74742745707,-0.011320719279,-1.24387254724,0.588537813231,226.879651033,0.25134280324,0.263798624277,0.234403267503,0.00188269186765,0.00280791451223,0.00311731384136,0.00520028406754,0.00521834054962,0.0595194622874,450,0
2021/09/06/13:38:10.384346,1465,0,64,126,0,106,180,2051,46729000,0,19988,13754,3,54,22.3011124731,114.17895193,6.38444963284,-2.20000004768,-1.6956370828,-1.72201118492,0.0224284080968,-0.859556879327,0.111007588557,224.743857231,0.25148165226,0.263972818851,0.23460829258,0.00225873617455,0.00354124675505,0.00391211500391,0.00554452510551,0.0055459998548,0.0596568919718,450,0
2021/09/06/13:38:11.399016,1465,0,64,126,0,106,180,2051,46730000,0,19988,13754,3,54,22.3010972733,114.178937201,6.39519393351,-2.20000004768,-1.783072919,-1.26387411135,0.0333668169776,-0.546672680517,0.642924532903,218.612057868,0.251802802086,0.264353960752,0.234883740544,0.00256207957864,0.00425400817767,0.00451823789626,0.0058520375751,0.00587187614292,0.0597842596471,450,0
2021/09/06/13:38:12.032447,1465,0,64,126,0,111,180,2051,46731000,0,19988,13754,3,54,22.3010799521,114.178926735,6.41763201263,-2.20000004768,-2.12877485074,-0.776813659905,-0.0123666673615,-0.311056637262,-0.0787443296079,204.315196234,0.252233564854,0.264839679003,0.235183358192,0.00282956543379,0.00506613450125,0.00504058832303,0.00618428084999,0.00616440642625,0.0599014647305,450,0
2021/09/06/13:38:13.609806,1465,0,64,126,0,105,180,2051,46732000,0,19988,13754,6,19,22.3010596112,114.178923442,6.40884815343,-2.20000004768,-2.3599346199,0.0768123919354,-0.0238512240552,-0.0708269735944,-0.177857861591,182.169059914,0.25276657939,0.265459895134,0.235503509641,0.00315546197817,0.00602256832644,0.00575153995305,0.00646867835894,0.00645810132846,0.060185674578,64,1
2021/09/06/13:38:15.043231,1465,0,64,126,0,105,180,2051,46733000,0,19988,13754,6,19,22.3010386743,114.178929424,6.39995575696,-2.20000004768,-2.24613203978,1.06717956641,-0.0379403485194,-0.135720714505,-0.47157760087,159.357859007,0.253450989723,0.266329288483,0.235881626606,0.00350884930231,0.0070506981574,0.00651805941015,0.00671633891761,0.00673760892823,0.0608829930425,64,2
2021/09/06/13:38:16.375323,1465,0,64,126,0,105,180,2051,46734000,0,19988,13754,6,19,22.3010185179,114.178942434,6.38280123845,-2.20000004768,-2.25023484073,1.59721196966,0.00915925838784,-0.434246507357,0.128856582604,146.247348674,0.254312187433,0.267237216234,0.236320719123,0.00394863029942,0.00809348654002,0.00746049173176,0.00698574632406,0.00699930684641,0.0618103407323,64,3
2021/09/06/13:38:19.617391,1465,0,64,126,0,105,180,2051,46735000,0,19988,13754,3,54,22.3009967574,114.178959875,6.38929174654,-2.20000004768,-2.55307795608,2.03572752691,0.0124787283914,-0.303762115975,-0.16253332027,141.464751286,0.255504101515,0.268691629171,0.236836403608,0.00442434521392,0.00917921960354,0.00851265992969,0.00724548939615,0.00724994810298,0.062323063612,448,0
2021/09/06/13:38:24.131451,1465,0,64,126,0,100,180,2051,46736000,0,19988,13754,3,54,22.3009725799,114.178981339,6.38090224471,-2.20000004768,-2.79524884336,2.40651635962,-0.0148221432564,-0.335490859174,0.0359294250865,138.733490535,0.25712043047,0.269887298346,0.237429022789,0.00488526653498,0.0103953555226,0.00960511434823,0.00749046774581,0.00749209104106,0.0626352950931,450,0
2021/09/06/13:38:27.588695,1465,0,64,126,0,98,180,2051,46737000,0,19988,13754,3,54,22.3009465253,114.179006205,6.38107879646,-2.20000004768,-2.98787579397,2.70402981222,0.0106617911631,-0.636690873307,0.102132454644,136.892752344,0.258887171745,0.270749241114,0.238146647811,0.00533414678648,0.0111858658493,0.0105872880667,0.00746634090319,0.00771778123453,0.0628190487623,450,0
2021/09/06/13:38:31.009831,1465,0,64,126,0,98,180,2051,46738000,0,19988,13754,3,54,22.3009189473,114.179033906,6.38742055837,-2.20000004768,-3.16623032613,2.96654289815,-0.0113593392721,-0.835959501743,0.290281225483,135.953659918,0.26065915823,0.273544669151,0.238974377513,0.00571176921949,0.0122606949881,0.0113462712616,0.00766020035371,0.00773711828515,0.0629461035132,450,0
2021/09/06/13:38:34.770901,1465,0,64,126,0,105,180,2051,46739000,0,19988,13754,3,54,22.3008888058,114.179063776,6.40428060293,-2.20000004768,-3.50845520354,3.14200515605,-0.00402469173373,-0.702073418309,-0.0320746980716,136.412809136,0.263272434473,0.277190685272,0.239937826991,0.00614745914936,0.0134011646733,0.0122800441459,0.00788706727326,0.00786699261516,0.0630404502153,450,0
2021/09/06/13:38:39.083648,1465,0,64,126,0,96,180,2051,46740000,0,19988,13754,3,54,22.3008558611,114.179095901,6.41291135456,-2.20000004768,-3.77294867826,3.4087912138,-0.018892389811,-0.500612326956,-0.111566147527,136.639679603,0.266479402781,0.281632065773,0.241018936038,0.00655845133588,0.0146339042112,0.0131879104301,0.00807040650398,0.00796701200306,0.0631211549044,450,0
2021/09/06/13:38:43.899195,1465,0,64,126,0,96,180,2051,46741000,0,19988,13754,3,54,22.300820525,114.179130275,6.39329509437,-2.20000004768,-3.95084445496,3.58838522509,-0.130848015072,-0.954462523129,-0.133178508979,136.923784382,0.269939571619,0.284775465727,0.241707131267,0.00704867206514,0.0154898418114,0.014293638058,0.00812744349241,0.00816256180406,0.0631556808949,450,0
2021/09/06/13:38:45.241762,1465,0,64,126,0,102,180,2051,46742000,0,19988,13754,3,53,22.3007831537,114.179166173,6.38724036608,-2.20000004768,-4.30189981053,3.78816561037,0.00389775557449,-1.81968195582,-0.117179308875,137.191404509,0.275355994701,0.289211302996,0.243104055524,0.00751992827281,0.0161945205182,0.0152686880901,0.00818731356412,0.00832533277571,0.0631671249866,195,0
2021/09/06/13:38:46.010195,1465,0,64,126,0,100,180,2051,46743000,0,19988,13754,3,53,22.3007432687,114.179203858,6.39611342177,-2.20000004768,-4.52766599752,3.90447811679,0.0163133284584,-1.31684421153,0.421896038283,137.712735419,0.280413001776,0.293806999922,0.244655191898,0.00794406235218,0.0168411042541,0.0161185096949,0.00821937248111,0.00841530133039,0.0632005929947,450,0
2021/09/06/13:38:48.735770,1465,0,64,126,0,100,180,2051,46744000,0,19988,13754,3,54,22.3007025915,114.179241974,6.42761904653,-2.20000004768,-4.41917466071,3.82449448956,0.0227917563674,-0.759417726871,0.0873396034348,137.569647551,0.279847502708,0.298924356699,0.24638569355,0.00788754317909,0.0175334252417,0.0153347123414,0.0082415221259,0.00804647896439,0.0632042363286,450,0
2021/09/06/13:38:50.691253,1465,0,64,126,0,97,180,2051,46745000,0,19988,13754,3,54,22.3006635097,114.179278648,6.45892572496,-2.20000004768,-4.21616268686,3.69095559999,0.0173777390106,-0.771780300236,-0.0698795915036,137.822304606,0.277510762215,0.303752839565,0.248302057385,0.00774385361001,0.0179972015321,0.0140929603949,0.00821632053703,0.00766674382612,0.0631568208337,450,0
2021/09/06/13:38:54.045542,1465,0,64,126,0,84,180,2051,46746000,0,19988,13754,3,54,22.3006256835,114.179313812,6.47404305078,-2.20000004768,-4.03917058045,3.55771701862,0.0230402954344,-0.891748598953,0.205486918074,137.691403654,0.278281450272,0.305287659168,0.250394672155,0.00761231174693,0.0184372942895,0.0126637723297,0.0079592121765,0.00763557385653,0.0632367357612,450,0
2021/09/06/13:38:57.737388,1465,0,64,126,0,84,180,2051,46747000,0,19988,13754,3,54,22.3005896758,114.179347284,6.48747594282,-2.20000004768,-3.95228147333,3.24152365177,-0.0182300943359,-1.1736169621,-0.114566099374,138.420977822,0.28091865778,0.309286266565,0.252637028694,0.007688684389,0.019105328247,0.012123124674,0.00791060552001,0.00770681956783,0.0633870735765,450,0
2021/09/06/13:39:01.446151,1465,0,64,126,0,102,180,2051,46748000,0,19988,13754,3,54,22.3005519301,114.179378076,6.51426974498,-2.20000004768,-4.4965803553,3.179878748,0.0626266141818,-1.04083452735,0.388554453999,142.785557483,0.283732384443,0.31367072463,0.255081415176,0.00784394703805,0.0197034850717,0.0118473106995,0.00792664568871,0.00777841545641,0.0633270442486,450,0
2021/09/06/13:39:05.459729,1465,0,64,126,0,99,180,2051,46749000,0,19988,13754,3,54,22.3005085906,114.179408266,6.56061587203,-2.20000004768,-5.01611303123,3.16568579944,0.0341929326474,-1.43500554901,0.257335944236,145.772615568,0.28962174058,0.321419477463,0.257741302252,0.00824573263526,0.0207494851202,0.0126294028014,0.00812559947371,0.00802266318351,0.0632315948606,450,0
2021/09/06/13:39:09.480524,1465,0,64,126,0,99,180,2051,46750000,0,19988,13754,3,54,22.3004611918,114.179440716,6.58697034605,-2.20000004768,-5.3163320233,3.45589809936,0.0263577668814,-0.796756173326,-0.0657362557471,145.564290618,0.29568874836,0.330365777016,0.260694533587,0.00849394127727,0.0219377521425,0.0127556687221,0.00825597252697,0.00818827096373,0.0633126869798,450,0
2021/09/06/13:39:14.213791,1465,0,64,126,0,102,180,2051,46751000,0,19988,13754,3,53,22.3004121015,114.179476567,6.60037151165,-2.20000004768,-5.47216875397,3.91611897354,0.0130175819118,-0.58698886387,0.00844126639054,142.92601975,0.302614539862,0.339856386185,0.263959765434,0.00874714832753,0.0231338962913,0.0128363417462,0.00837195012718,0.00836683344096,0.0634733438492,450,0
2021/09/06/13:39:15.111331,1465,0,64,126,0,108,180,2051,46752000,0,19988,13754,3,53,22.3003622141,114.179516962,6.63000414707,-2.20000004768,-5.50174027687,4.36383835496,0.0881531722383,-0.38420060136,0.338389710561,140.443491056,0.306906282902,0.346548616886,0.266539871693,0.00901138130575,0.0242530964315,0.0128912152722,0.00847062841058,0.00850966200233,0.0637175738811,450,0
2021/09/06/13:39:17.430856,1465,0,64,126,0,103,180,2051,46753000,0,19988,13754,3,53,22.3003116026,114.179561093,6.66803691443,-2.20000004768,-5.57833475775,4.58948103845,0.00108905355842,-0.0864310869914,0.185368260862,139.049278193,0.314543277025,0.353140950203,0.270458251238,0.00919018406421,0.0249782241881,0.0126117914915,0.00840540789068,0.00864676851779,0.0638851374388,195,0
2021/09/06/13:39:20.235636,1465,0,64,126,0,103,180,2051,46754000,524288,19988,13754,3,54,22.3002616082,114.179606665,6.70442201756,-2.20000004768,-5.4048518565,4.55207312265,0.00907984277384,-0.253847075342,0.189166975273,137.846006157,0.321897923946,0.361251026392,0.274755299091,0.00940285995603,0.0256896689534,0.0124120963737,0.00842171628028,0.00875593256205,0.0640779733658,450,0
2021/09/06/13:39:24.034729,1465,0,64,126,0,103,180,2051,46755000,524288,19988,13754,3,19,22.3002138668,114.179651379,6.73597855866,-2.20000004768,-5.05448342683,4.42081332799,-0.0341538709046,-0.730481765266,0.287371283678,137.576827338,0.327912151814,0.369522839785,0.279417872429,0.00962875690311,0.0262210574001,0.0121572511271,0.00843847729266,0.0087355626747,0.0642414614558,450,0
2021/09/06/13:39:28.141905,1465,0,64,126,0,100,180,2051,46756000,0,19988,13754,3,54,22.3001705448,114.179691841,6.78374778107,-2.20000004768,-4.33257476435,3.71575338454,0.00323445905141,-0.572881187731,0.0217671592423,137.387618641,0.332791417837,0.377181410789,0.284428030252,0.00987336598337,0.0265231598169,0.0118946274742,0.0085461139679,0.00881396513432,0.0643794089556,450,0
2021/09/06/13:39:31.204132,1465,0,64,126,0,100,180,2051,46757000,0,19988,13754,3,54,22.3001346613,114.179724682,6.81433315761,-2.20000004768,-3.44111897564,3.06345238106,0.060372500861,-0.357512805379,-0.326125865741,137.120523696,0.337975144386,0.388446301222,0.289810955524,0.010165695101,0.0272325612605,0.0117874769494,0.00873673707247,0.00880203582346,0.0645403787494,450,0
2021/09/06/13:39:33.907252,1465,0,64,126,0,98,180,2051,46758000,0,19988,13754,3,53,22.3001077505,114.179749554,6.83723635506,-2.20000004768,-2.3910493336,1.98646876315,0.0250868921676,-0.906227617564,-0.223356190932,137.067764345,0.349078983068,0.403473198414,0.295494616032,0.0105822617188,0.028612203896,0.0122520821169,0.00896018277854,0.00905097555369,0.0646913349628,450,0
2021/09/06/13:39:36.290974,1465,0,64,126,0,98,180,2051,46759000,0,19988,13754,3,53,22.300092208,114.179763269,6.86280878913,-2.20000004768,-1.06139135244,0.793295216619,0.0193442964946,-0.967737832688,-0.132933938501,137.111502046,0.361058145761,0.419501304626,0.301482081413,0.0110139911994,0.0301246568561,0.0127334445715,0.00911894999444,0.00920481327921,0.0648325309157,450,0
2021/09/06/13:39:37.027879,1465,0,64,126,0,92,180,2051,46760000,0,19988,13754,3,54,22.3000880594,114.179769159,6.88101189677,-2.20000004768,-0.130854786582,-0.000728116373365,0.0272819898249,-0.976458235472,-0.0349482930294,137.151606988,0.353049725294,0.412288546562,0.307644665241,0.0112290577963,0.0283229183406,0.0123216174543,0.00893943477422,0.00878562405705,0.0648781135678,450,0
2021/09/06/13:39:37.906186,1465,0,64,126,0,92,180,2051,46761000,524288,19988,13754,3,54,22.3000887937,114.179770462,6.8960668128,-2.20000004768,-0.00708509194584,-0.0968927357056,0.0266105228498,-0.980614885329,0.121251250035,137.159786754,0.34354621172,0.402930051088,0.313984781504,0.0114678163081,0.0259987302125,0.0118933552876,0.00874966755509,0.00839142501354,0.0647591874003,450,0
2021/09/06/13:39:38.552926,1465,0,64,126,0,100,180,2051,46762000,524288,19988,13754,3,19,22.3000894743,114.179772135,6.90116714872,-2.20000004768,-0.0078775942762,-0.0837243710908,0.0213143785639,-0.983556742315,0.112485851368,137.164958082,0.337698101997,0.39597761631,0.320592701435,0.0116933956742,0.0239537265152,0.011460468173,0.00855291821063,0.00815370772034,0.0645998194814,450,0
2021/09/06/13:39:41.500905,1465,0,64,126,0,96,180,2051,46763000,524288,19988,13754,3,19,22.3000915968,114.179774283,6.89875795506,-2.20000004768,0.00599513905845,-0.0621553290318,0.0231340175367,-0.981992717358,0.106670006505,137.168091961,0.327831983566,0.391030550003,0.325751543045,0.0119846006855,0.0225523840636,0.0113832699135,0.00853494461626,0.00805144570768,0.0645282715559,450,0
2021/09/06/13:39:45.674481,1465,0,64,126,0,96,180,2051,46764000,0,19988,13754,3,53,22.3000921772,114.179774688,6.89860303793,-2.20000004768,0.00176941843987,-0.0648897852392,0.0154112784956,-0.98693103028,0.113112395946,137.17069608,0.328118473291,0.390610158443,0.329675912857,0.0121187698096,0.0215558689088,0.0118352016434,0.00853087101132,0.00814893189818,0.064487285912,195,0
2021/09/06/13:39:48.722574,1465,0,64,126,0,99,180,2051,46765000,0,19988,13754,3,54,22.3000932729,114.17977659,6.84579021111,-2.20000004768,0.0133640447698,-0.033579332456,0.0138121512472,-0.993398648226,0.109771835292,137.177123427,0.316995412111,0.371150970459,0.322724074125,0.0112496083602,0.0167666431516,0.0112627567723,0.00803832523525,0.00784764066339,0.0643292814493,68,0
2021/09/06/13:39:51.993095,1465,0,64,126,0,99,180,2051,46766000,0,19988,13754,3,54,22.3000938731,114.179778495,6.75440537557,-2.20000004768,0.00584940983724,-0.0229535557208,0.00167814024152,-0.997653272808,0.110589997852,137.181571932,0.30546143651,0.351756185293,0.302652388811,0.00898970570415,0.0109961042181,0.00918536819518,0.00744441337883,0.00726824905723,0.0642641633749,68,0
2021/09/06/13:39:54.817598,1465,0,64,126,0,99,180,2051,46767000,0,19988,13754,3,54,22.3000939614,114.179779275,6.71256654989,-2.20000004768,0.00475156942244,-0.0105028754489,-0.00111540136176,-0.999904511055,0.105111478477,137.181121851,0.301648169756,0.345563530922,0.288076013327,0.00704654352739,0.00789973046631,0.00730168260634,0.00718670524657,0.00691097602248,0.0643205791712,68,0
2021/09/06/13:39:57.622324,1465,0,64,126,0,101,180,2051,46768000,0,19988,13754,3,54,22.3000939506,114.179779442,6.7114071222,-2.20000004768,-0.00543151568676,-0.00617160176655,-0.00063911904391,-0.99854134444,0.104270741711,137.180847342,0.29869928956,0.341472536325,0.262842923403,0.00146591186058,0.00147352111526,0.00147028861102,0.00649575330317,0.00600817706436,0.0644014775753,68,0
2021/09/06/13:39:59.725300,1465,0,64,126,0,99,180,2051,46769000,0,19988,13754,3,54,22.300093904,114.179779488,6.71071936842,-2.20000004768,-0.00076505827293,-0.0052670089913,-0.00363980303844,-1.00322784324,0.10613120118,137.176061185,0.296513825655,0.33851736784,0.262681931257,0.00110269675497,0.00119273841847,0.00116157042794,0.00608085887507,0.00571242673323,0.0643458813429,68,0
2021/09/06/13:40:00.512158,1465,0,64,126,0,92,180,2051,46770000,0,19988,13754,3,53,22.3000938678,114.179779482,6.71038455423,-2.20000004768,-0.00180344566774,-0.00568220417795,-0.00222488400075,-1.00319708252,0.104785734233,137.174311689,0.292404383421,0.333049416542,0.26272931695,0.000989623367786,0.00117795157712,0.00111776846461,0.00534414313734,0.00514091085643,0.0642451122403,68,0
2021/09/06/13:40:01.476467,1465,0,64,126,0,92,180,2051,46771000,0,19988,13754,3,53,22.3000938304,114.179779436,6.70960203558,-2.20000004768,-0.00262871996458,-0.00753218912268,-0.00319414892835,-1.00488682643,0.104124105477,137.170431486,0.289209097624,0.328888326883,0.262659549713,0.00095213210443,0.0011686248472,0.00111107889097,0.00473235314712,0.00463773682714,0.0642025098205,68,0
2021/09/06/13:40:02.523507,1465,0,64,126,0,100,180,2051,46772000,0,19988,13754,3,53,22.3000937939,114.179779367,6.70766913053,-2.20000004768,-0.00102109234086,-0.00582791251052,-0.00548089514804,-1.01034915833,0.103162580202,137.166200793,0.287392705679,0.326545268297,0.262440234423,0.000940440513659,0.00114484713413,0.00109899765812,0.00436419248581,0.00432077143341,0.0642226487398,68,0
2021/09/06/13:40:05.926862,1465,0,64,126,0,100,180,2051,46773000,0,19988,13754,3,53,22.3000937623,114.17977929,6.70443234127,-2.20000004768,-0.00204301397012,-0.00629947060131,-0.00480815540812,-1.01250092052,0.103410368428,137.164950446,0.2864818573,0.325364023447,0.262119710445,0.000937149918173,0.00112032215111,0.00108451943379,0.00417630746961,0.00415381183848,0.0642780140042,68,0
2021/09/06/13:40:09.711969,1465,0,64,126,0,103,180,2051,46774000,0,19988,13754,3,53,22.3000937358,114.179779215,6.70039433986,-2.20000004768,-0.00214515927116,-0.00581141614044,-0.00257690555074,-1.00810739917,0.100569691134,137.166992203,0.286055117846,0.324802547693,0.26176315546,0.0009357733652,0.00110187532846,0.00107255741023,0.00409087631851,0.00407553464174,0.0643490627408,68,0
2021/09/06/13:40:12.646498,1465,0,64,126,0,98,180,2051,46775000,0,19988,13754,3,53,22.3000937136,114.179779143,6.6957555823,-2.20000004768,0.00698332399859,0.00473066311175,-0.00257713122243,-1.00725968346,0.0974488634962,137.166290899,0.285863429308,0.32454264164,0.26142001152,0.000934079522267,0.00109026150312,0.00106441695243,0.00405571889132,0.00404530949891,0.0644290223718,68,0
2021/09/06/13:40:17.149426,1465,0,64,126,0,98,180,2051,46776000,0,19988,13754,3,53,22.3000936942,114.179779077,6.69060119614,-2.20000004768,0.00207787743399,0.00245972587492,-0.00438548674685,-1.01091357959,0.0982772374589,137.165910172,0.285777449608,0.32441714406,0.261115163565,0.000931693415623,0.00108396529686,0.00105958583299,0.00404335837811,0.00403479812667,0.0645136013627,68,0
2021/09/06/13:40:19.933323,1465,0,64,126,0,91,180,2051,46777000,0,19988,13754,3,53,22.3000936772,114.179779018,6.68505014013,-2.20000004768,-0.000149192373347,-0.00357623400706,-0.00581409698788,-1.00866006033,0.104755240222,137.165824376,0.285737991333,0.324343651533,0.260863274336,0.000928784837015,0.00108102255035,0.00105698918924,0.00403917441145,0.00403217645362,0.0645985305309,68,0
2021/09/06/13:40:23.601236,1465,0,64,126,0,90,180,2051,46778000,0,19988,13754,3,53,22.3000936622,114.179778964,6.67929892894,-2.20000004768,-0.00336386276945,-0.00449180719855,-0.00379607288993,-1.00807925629,0.104264989751,137.165547012,0.285716921091,0.324290126562,0.260661840439,0.000925675209146,0.00107975280844,0.00105553516187,0.00403825286776,0.00403176946566,0.0646846741438,68,0
2021/09/06/13:40:24.851510,1465,0,64,126,0,90,180,2051,46779000,0,19988,13754,3,53,22.3000936485,114.179778915,6.67352366727,-2.20000004768,-0.00391324103152,-0.00494575878232,-0.00470361854284,-1.00856418418,0.106789159805,137.165496465,0.285702943802,0.324244499207,0.260505378246,0.000922618201002,0.00107925164048,0.00105468684342,0.00403736159205,0.00403219042346,0.0647704899311,68,0
2021/09/06/13:40:25.614703,1465,0,64,126,0,92,180,2051,46780000,0,19988,13754,3,53,22.3000936365,114.17977887,6.66787979752,-2.20000004768,0.000329358598748,-0.0040382926402,-0.00390309740353,-1.00916269053,0.107975810594,137.164987196,0.285692244768,0.324202746153,0.260386407375,0.000919782556593,0.00107897119597,0.00105401268229,0.00403793109581,0.00403038971126,0.0648554936051,68,0
2021/09/06/13:40:26.431161,1465,0,64,126,0,92,180,2051,46781000,524288,19988,13754,3,53,22.3000936259,114.179778826,6.66229385789,-2.20000004768,-0.00185025586451,-0.00762216097858,-0.007016659117,-1.00122983142,0.104940713644,137.166159842,0.285683095455,0.324163228273,0.260296970606,0.000917284516618,0.00107875221875,0.00105344306212,0.00403800327331,0.0040298094973,0.0649410560727,68,0
2021/09/06/13:40:28.718369,1465,0,64,126,0,87,180,2051,46782000,524288,19988,13754,3,53,22.3000936157,114.179778783,6.65679006837,-2.20000004768,-0.00477749744374,-0.0120309960859,-0.00453389152713,-0.999580109951,0.106387398631,137.165413122,0.285674005747,0.324125260115,0.260230451822,0.000915149576031,0.00107851449866,0.00105288915802,0.00403722794726,0.00403130985796,0.0650275424123,68,0
2021/09/06/13:40:30.707605,1465,0,64,126,0,87,180,2051,46783000,524288,19988,13754,3,19,22.3000936059,114.179778739,6.6513550356,-2.20000004768,-0.00158085477594,-0.0127497231974,-0.00776077932992,-1.00293603763,0.103715147233,137.164153905,0.28566557169,0.32408747077,0.260181754827,0.00091336335754,0.00107832381036,0.00105244829319,0.00403677346185,0.00403286376968,0.0651135966182,68,0
2021/09/06/13:40:34.657500,1465,0,64,126,0,100,180,2051,46784000,524288,19988,13754,3,19,22.300093561,114.17977873,6.64585614111,-2.20000004768,-0.201236250165,0.168646342025,-0.00208998629735,-0.986400138337,0.183190726187,137.174503361,0.285656750202,0.324050813913,0.260146349669,0.000911925337277,0.00107810739428,0.00105201988481,0.0040365178138,0.00403293501586,0.0651991292834,68,0
2021/09/06/13:40:37.757554,1465,0,64,126,0,100,180,2051,46785000,524288,19988,13754,3,19,22.3000895485,114.179781498,6.52155343909,-2.20000004768,-0.50462741256,0.452634010515,-0.0056637963574,-0.917284256791,0.139433880157,137.082981337,0.285447835922,0.323705077171,0.260131418705,0.00116223015357,0.00158027198631,0.00150138954632,0.00448719924316,0.00448388420045,0.0653365328908,68,0
2021/09/06/13:40:41.437015,1465,0,64,126,0,95,180,2051,46786000,524288,19988,13754,3,19,22.3000838018,114.179786845,6.48835933674,-2.20000004768,-0.76137167237,0.670152717232,-0.0034668289702,-0.859546319259,0.190767729044,136.903290382,0.285501390696,0.32379513979,0.260150134563,0.00144074880518,0.00225858879276,0.00205424125306,0.0049009709619,0.00489465286955,0.0654892623425,450,0
2021/09/06/13:40:44.540596,1465,0,64,126,0,95,180,2051,46787000,524288,19988,13754,3,19,22.3000756385,114.179794472,6.45584052522,-2.20000004768,-1.08374469114,0.95372967819,-0.00663924336602,-0.82967063645,0.165237305878,137.071393425,0.285548508167,0.323986768723,0.260218769312,0.0017429785803,0.0030013686046,0.00266885198653,0.00528838485479,0.00527597824112,0.0656339675188,194,1
2021/09/06/13:40:47.928421,1465,0,64,126,0,100,180,2051,46788000,524288,19988,13754,3,19,22.300063986,114.179804684,6.42905011121,-2.20000004768,-1.44288188088,1.16228304374,0.00712374383325,-0.484463861514,0.273092735986,138.948742626,0.285264283419,0.323682367802,0.260330229998,0.002070073504,0.00385670899414,0.00335494801402,0.00566340330988,0.00564483786002,0.0657303184271,450,0
2021/09/06/13:40:49.041056,1465,0,64,126,0,105,180,2051,46789000,0,19988,13754,3,53,22.3000480152,114.179817585,6.42303928453,-2.20000004768,-2.24785783879,1.55928102485,-0.0113103009371,-0.541674710566,0.248104092072,142.744172543,0.285104304552,0.323573887348,0.260502666235,0.00240958877839,0.00477473484352,0.00406849291176,0.00600936589763,0.00598719483241,0.0657837465405,450,0
2021/09/06/13:40:49.792138,1465,0,64,126,0,92,180,2051,46790000,0,19988,13754,3,54,22.3000220425,114.179832793,6.4274984831,-2.20000004768,-3.45269793635,1.3700320512,0.0386192088586,-1.05223276047,0.442434808647,154.523797069,0.285100102425,0.323699146509,0.260738372803,0.00277261901647,0.00601775432006,0.00486329849809,0.00633594905958,0.00631301943213,0.0656113252044,450,0
2021/09/06/13:40:51.154941,1465,0,64,126,0,92,180,2051,46791000,0,19988,13754,3,54,22.2999870211,114.179841697,6.45013501868,-2.20000004768,-4.15330667812,0.247991068869,0.0208510007724,-0.875434389455,0.625944517492,171.535398448,0.285554498434,0.324552386999,0.261098235846,0.0031808076892,0.0073604923673,0.00577921234071,0.00665018986911,0.00664012599736,0.0651671886444,450,0
2021/09/06/13:40:53.806268,1465,0,64,126,0,96,180,2051,46792000,0,19988,13754,3,53,22.2999496664,114.179837377,6.48321672156,-2.20000004768,-4.04454596654,-1.064508544,0.0457185945836,-0.230282180139,0.237465348169,191.811721046,0.286105662584,0.326101064682,0.261571407318,0.00370510970242,0.00822118297219,0.00692553864792,0.00697968062013,0.00694357557222,0.0648767650127,450,0
2021/09/06/13:40:57.284945,1465,0,64,126,0,91,180,2051,46793000,0,19988,13754,3,54,22.2999154784,114.179819763,6.48192257062,-2.20000004768,-3.57660521121,-2.55526177965,0.00481379963116,-0.367618283392,-0.78333904157,210.296732632,0.286735922098,0.328437834978,0.262078493834,0.004312323872,0.00881974305958,0.00818813033402,0.00727477250621,0.00725744012743,0.0648943036795,450,0
2021/09/06/13:40:58.936961,1465,0,64,126,0,91,180,2051,46794000,0,19988,13754,3,54,22.2998830439,114.179790615,6.42364311405,-2.20000004768,-3.56848699121,-3.471587436,-0.0656439542925,-1.48958502044,-0.433467804941,221.71370369,0.287304967642,0.330872923136,0.262575417757,0.00501647312194,0.00959554035217,0.00957926735282,0.00755856744945,0.00755884172395,0.0651372224092,450,0
2021/09/06/13:41:03.077783,1465,0,64,126,0,102,180,2051,46795000,524288,19988,13754,3,54,22.2998505668,114.179753101,6.38949286938,-2.20000004768,-3.55258830477,-4.27207541946,-0.00233989558344,-2.16620618046,-0.779596655949,227.659699627,0.287842601538,0.332464903593,0.26307412982,0.00563794095069,0.010576499626,0.0108591457829,0.00777390040457,0.0078087314032,0.0652407705784,450,0
2021/09/06/13:41:07.206175,1465,0,64,126,0,100,180,2051,46796000,0,19988,13754,3,19,22.2998184049,114.179709845,6.35403524432,-2.20000004768,-3.47751713439,-4.55336243005,-0.0219695403108,-1.83091327591,-0.691822959204,229.667385555,0.288298100233,0.333250671625,0.26365596056,0.00623444700614,0.011265123263,0.0120676187798,0.00784227252007,0.00804439373314,0.0651677697897,450,0
2021/09/06/13:41:09.411548,1465,0,64,126,0,100,180,2051,46797000,0,19988,13754,3,54,22.2997864319,114.179666186,6.35308245942,-2.20000004768,-3.52807129695,-4.41195940631,-0.0956863781465,-1.45060112566,-0.559953186103,229.861686752,0.289745986462,0.336154490709,0.264343559742,0.00680169090629,0.0124808205292,0.0132426684722,0.00811927765608,0.00831719208509,0.0653170496225,450,0
2021/09/06/13:41:10.784856,1465,0,64,126,0,106,180,2051,46798000,524288,19988,13754,6,19,22.2997556487,114.179623816,6.33687020559,-2.20000004768,-3.37403790068,-4.20191491487,-0.0400661632604,-0.949156638596,0.267979006,229.568680632,0.29191377759,0.339528650045,0.265113353729,0.00727538717911,0.0136706372723,0.0142715461552,0.00835366547108,0.00851382967085,0.0654717683792,64,1
2021/09/06/13:41:11.594999,1465,0,64,126,0,98,180,2051,46799000,524288,19988,13754,3,19,22.2997242539,114.179581791,6.34953677375,-2.20000004768,-3.62593899233,-4.49608973356,0.0406789081688,-1.41483003006,0.219252345986,229.081969777,0.29506149888,0.343585073948,0.265970021486,0.00777457887307,0.0149686476216,0.0152906132862,0.00863567739725,0.00874785985798,0.0656253397465,194,2
2021/09/06/13:41:12.346963,1465,0,64,126,0,98,180,2051,46800000,524288,19988,13754,3,19,22.2996898358,114.179536227,6.37595557701,-2.20000004768,-3.95623270866,-4.91434575751,0.034545416769,-1.98577754096,0.0634974986433,228.956499913,0.298848986626,0.348030775785,0.266903936863,0.00834458786994,0.0159471593797,0.0165154505521,0.00878238026053,0.00890511088073,0.0657486319542,448,0
2021/09/06/13:41:14.854237,1465,0,64,126,0,99,180,2051,46801000,0,19988,13754,3,54,22.2996525932,114.179486117,6.38959749136,-2.20000004768,-4.28336697719,-5.43194247163,0.0322483609182,-1.32567331996,0.121487978665,229.197806476,0.3038379848,0.353365153074,0.268015265465,0.00897611770779,0.0171302333474,0.0179201755673,0.00899624545127,0.00912204757333,0.0659099668264,450,0
2021/09/06/13:41:18.555361,1465,0,64,126,0,99,180,2051,46802000,0,19988,13754,3,54,22.2996133783,114.179432857,6.40240998566,-2.20000004768,-4.38327154572,-5.49199791761,0.0701322409361,-1.01889111659,0.131093474042,229.403804681,0.310053318739,0.359872698784,0.269337147474,0.00965091306716,0.0182639267296,0.0193665977567,0.00917658116668,0.0093344245106,0.0660762190819,450,0
2021/09/06/13:41:22.190048,1465,0,64,126,0,101,180,2051,46803000,0,19988,13754,3,54,22.2995736961,114.179379372,6.42464067508,-2.20000004768,-4.49232847923,-5.61586677463,0.0328847710276,-1.14412963529,0.123211729569,229.184908648,0.318088948727,0.367746263742,0.270887494087,0.0102648725733,0.019670361653,0.0206835083663,0.00940670352429,0.00956568866968,0.0662289559841,450,0
2021/09/06/13:41:25.229422,1465,0,64,126,0,99,180,2051,46804000,0,19988,13754,3,54,22.2995318879,114.179324008,6.45016720891,-2.20000004768,-4.78925858304,-5.83519287041,0.0436548746507,-0.561291323941,0.0853233464378,228.339484984,0.327800512314,0.37422055006,0.272625058889,0.0108550991863,0.0203855149448,0.0220108255744,0.00941864866763,0.00979585759342,0.0663354098797,450,0
2021/09/06/13:41:29.855271,1465,0,64,126,0,99,180,2051,46805000,0,19988,13754,3,54,22.2994872474,114.179266599,6.48151323199,-2.20000004768,-5.11933192334,-5.96357706755,0.0373470006123,-0.510036007059,0.0791534506092,227.488620071,0.339336931705,0.384300023317,0.274585366249,0.0115148210898,0.0218270439655,0.0234892573208,0.00965509470552,0.010031722486,0.066486351192,450,0
2021/09/06/13:41:32.582623,1465,0,64,126,0,109,180,2051,46806000,0,19988,13754,3,19,22.299440354,114.179208194,6.5069946209,-2.20000004768,-5.23264708822,-6.14531164269,0.0639964362454,-1.08232440217,0.0539849513611,226.792921084,0.35279867053,0.395944267511,0.276813626289,0.0121510457247,0.0233061425388,0.0249576680362,0.00988945364952,0.0102487653494,0.0666422769427,66,1
2021/09/06/13:41:36.813184,1465,0,64,126,0,105,180,2051,46807000,0,19988,13754,3,19,22.2993916676,114.179148586,6.50104233064,-2.20000004768,-5.47681981054,-6.16694233119,0.0593824774065,-0.903196131238,-0.0209132087764,226.157495659,0.368266761303,0.409304410219,0.279324531555,0.0128487544134,0.0248266141862,0.0264686178416,0.0101075917482,0.0104849915951,0.0667800679803,66,2
2021/09/06/13:41:41.604353,1465,0,64,126,0,105,180,2051,46808000,0,19988,13754,3,53,22.2993417482,114.179088238,6.53641116992,-2.20000004768,-5.56140463206,-6.16542658561,-0.0416266331647,-0.792185051149,-0.0413301127563,226.044699543,0.385743439198,0.42429459095,0.282117903233,0.0134984441102,0.0263478383422,0.0279454644769,0.0103420270607,0.0107049075887,0.0669344365597,450,0
2021/09/06/13:41:42.560091,1465,0,64,126,0,108,180,2051,46809000,0,19988,13754,3,53,22.2992919589,114.179027642,6.56840210501,-2.20000004768,-5.41438479306,-6.28061003688,0.0679170768585,-1.13129015649,0.260432672878,226.649785182,0.404375135899,0.440235108137,0.285207748413,0.0141659500077,0.0275672059506,0.0293994639069,0.0105441156775,0.0108846239746,0.0670968592167,450,0
2021/09/06/13:41:44.599661,1465,0,64,126,0,110,170,2051,46810000,0,19988,13754,3,53,22.2992449949,114.178968411,6.61902351119,-2.20000004768,-5.24508673557,-6.07246999516,-0.00325225180994,-1.39487391798,-0.208033023438,227.504812046,0.426047682762,0.458819031715,0.288598448038,0.0148948719725,0.0291635431349,0.030922299251,0.0107220169157,0.011102123186,0.0672834217548,450,0
2021/09/06/13:41:45.428419,1465,0,64,126,0,110,180,2051,46811000,0,19988,13754,6,19,22.2991988342,114.178909312,6.714736389,-2.20000004768,-5.21562432669,-6.23218389742,0.13864729084,-1.48159244552,-0.181792431416,227.668374347,0.449906617403,0.479216337204,0.29229542613,0.0155805516988,0.0307792481035,0.032409325242,0.0110242208466,0.0113613801077,0.0674591436982,64,1
2021/09/06/13:41:46.784492,1465,0,64,126,0,110,180,2051,46812000,0,19988,13754,6,19,22.2991517585,114.178848271,6.79764074925,-2.20000004768,-5.16538463729,-6.19513022738,0.00313816892423,-0.881026423787,-0.345224140809,227.779243334,0.475906908512,0.501518547535,0.296289384365,0.0163641665131,0.0324539169669,0.0340687148273,0.011247670278,0.0116287479177,0.0676320716739,64,2
2021/09/06/13:41:49.415447,1465,0,64,126,0,109,180,2051,46813000,524288,19988,13754,6,19,22.2991053676,114.178786875,6.8807005249,-2.20000004768,-5.13451347215,-6.41382756455,0.102435073415,-1.2191157168,0.45190759465,229.097912918,0.504146456718,0.525813698769,0.300649523735,0.0171143077314,0.0341185443103,0.0356780849397,0.0115027045831,0.0118556944653,0.0678139254451,64,3
2021/09/06/13:41:51.605944,1465,0,64,126,0,102,180,2051,46814000,524288,19988,13754,6,19,22.2990602278,114.178723438,6.97791291773,-2.20000004768,-4.99122790761,-6.57865814983,0.147079013768,-0.732768117165,0.27063521513,230.366330933,0.534566402435,0.552113771439,0.305377244949,0.0179238412529,0.0358588770032,0.0373904816806,0.0117672048509,0.0121340379119,0.068026162684,64,4
2021/09/06/13:41:54.782957,1465,0,64,126,0,95,180,2051,46815000,0,19988,13754,6,19,22.2990160225,114.178659327,7.0635083029,-2.20000004768,-4.88270424135,-6.51821963967,0.0771333114887,0.791476035227,0.269095838992,230.370439634,0.567230641842,0.580473840237,0.3105237782,0.018758142367,0.0376186445355,0.0390865169466,0.011994889006,0.0123634943739,0.0682075098157,64,5
2021/09/06/13:41:57.520918,1465,0,64,126,0,95,180,2051,46816000,0,19988,13754,6,19,22.2989658491,114.178601913,7.169753558,-2.20000004768,-4.93346836805,-6.27966398402,0.145250991647,1.01387942006,0.326751637216,229.281303119,0.550030112267,0.535193920135,0.315903633833,0.0175043586642,0.0326865203679,0.0350649282336,0.0107563687488,0.0115856500342,0.0679370313883,64,6
2021/09/06/13:42:02.182202,1465,0,64,126,0,95,180,2051,46817000,0,19988,13754,3,54,22.2989171681,114.178546699,7.26862007566,-2.20000004768,-4.80631340047,-5.82730891337,0.181882573665,-0.0698044496845,0.678181769241,227.82378888,0.523248791695,0.519730687141,0.321678340435,0.0165327284485,0.0297542028129,0.0315740779042,0.0102202957496,0.0108208209276,0.0678010135889,450,0
2021/09/06/13:42:04.927129,1465,0,64,126,0,95,180,2051,46818000,0,19988,13754,3,54,22.2988692687,114.178493876,7.4100757353,-2.20000004768,-4.69807690496,-5.51548441673,0.152416785224,0.626481478024,0.530624052024,227.456192631,0.504655122757,0.48713517189,0.327783942223,0.0157143454999,0.0253617465496,0.028520764783,0.00953144673258,0.0103571023792,0.067779161036,450,0
2021/09/06/13:42:09.240867,1465,0,64,126,0,95,180,2051,46819000,0,19988,13754,3,54,22.2988239449,114.178440748,7.52666328568,-2.20000004768,-4.73332685056,-5.31980081897,0.128868373977,0.71832732587,-0.0640878765462,227.208676076,0.500237822533,0.486883759499,0.334307014942,0.015675181523,0.0241230446845,0.02755888924,0.00951871369034,0.0101479412988,0.0678954944015,450,0
2021/09/06/13:42:12.338085,1465,0,64,126,0,95,180,2051,46820000,0,19988,13754,3,54,22.2987813201,114.178389226,7.64143486042,-2.20000004768,-4.56980918729,-5.24017924951,0.148292356169,0.642211365915,0.404550960319,226.825193916,0.509822070599,0.493161737919,0.341474086046,0.0160465892404,0.0236981958151,0.0280139446259,0.00974663440138,0.0103364754468,0.0680456608534,450,0
2021/09/06/13:42:13.957718,1465,0,64,126,0,99,180,2051,46821000,0,19988,13754,3,54,22.2987401817,114.178340293,7.75899301935,-2.20000004768,-4.46016271812,-4.94185226012,0.162839644265,-0.0177515247505,0.106556033026,226.219540885,0.514341533184,0.499234318733,0.34909543395,0.0164400488138,0.0226043667644,0.0284453108907,0.00968641042709,0.010267698206,0.0682000815868,450,0
2021/09/06/13:42:14.956481,1465,0,64,126,0,97,180,2051,46822000,0,19988,13754,3,54,22.2986988723,114.178292794,7.85484278575,-2.20000004768,-4.53265089978,-4.8783491535,0.107871663357,0.529243657664,0.122133884339,225.797765143,0.514385998249,0.498809158802,0.357165306807,0.0167216956615,0.0207517575473,0.028467208147,0.00952583644539,0.010153288953,0.0683289915323,450,0
2021/09/06/13:42:15.771618,1465,0,64,126,0,97,180,2051,46823000,0,19988,13754,3,54,22.2986577624,114.178244244,7.96983567625,-2.20000004768,-4.65416052034,-5.07169122325,0.116540559002,0.00391747730056,0.201404656836,226.311977684,0.518676698208,0.507800221443,0.36572766304,0.0171497296542,0.0198909267783,0.0290805902332,0.00980860926211,0.0102936476469,0.0684895589948,450,0
2021/09/06/13:42:19.479026,1465,0,64,126,0,103,180,2051,46824000,0,19988,13754,3,54,22.2986148657,114.178193887,8.11158194486,-2.20000004768,-4.87139592695,-5.27650221865,0.133973036918,-0.339153696352,-0.0371681875437,225.733463768,0.533427476883,0.51767385006,0.374775528908,0.0177370179445,0.020096231252,0.0301480274647,0.0100999698043,0.0105642527342,0.0686293020844,450,0
2021/09/06/13:42:23.421311,1465,0,64,126,0,108,180,2051,46825000,0,19988,13754,3,54,22.2985697812,114.17814273,8.22289176192,-2.20000004768,-5.07726270703,-5.24500365116,0.111701249975,-0.541621312709,0.275509592467,224.620881825,0.548837482929,0.530388176441,0.384395301342,0.01832575351,0.0203451123089,0.0312894508243,0.0102486750111,0.0107127903029,0.0687839016318,450,0
2021/09/06/13:42:26.153877,1465,0,64,126,0,113,180,2051,46826000,0,19988,13754,3,54,22.298523354,114.178092218,8.33188871946,-2.20000004768,-5.35456476943,-5.1846789778,0.139528324595,-0.683664321133,0.338885163925,222.706826268,0.566228568554,0.54392105341,0.394578516483,0.0189436580986,0.0206695497036,0.032544746995,0.0104508623481,0.0108988611028,0.0689395293593,450,0
2021/09/06/13:42:29.572834,1465,0,64,126,0,98,170,2051,46827000,0,19988,13754,3,54,22.2984739961,114.178043458,8.45241281763,-2.20000004768,-5.71222335217,-5.10993179466,0.126615326868,-1.27139467929,0.386938196124,220.494983691,0.585992157459,0.560193896294,0.405331879854,0.01957943663,0.02160602808,0.033848721534,0.0106076765805,0.0110312541947,0.0690720900893,450,0
2021/09/06/13:42:32.421744,1465,0,64,126,0,98,170,2051,46828000,0,19988,13754,3,53,22.2984209896,114.17799228,8.58813749161,-2.20000004768,-5.80925630594,-5.26331794192,0.183106090427,-1.08511127906,0.539310868818,220.447680095,0.607132911682,0.575602352619,0.41654497385,0.0201419312507,0.0226110834628,0.0350990481675,0.0107960579917,0.0112208528444,0.0692250430584,450,0
2021/09/06/13:42:35.455542,1465,0,64,126,0,107,180,2051,46829000,0,19988,13754,3,53,22.2983696534,114.177940791,8.67161197029,-2.20000004768,-5.64756811155,-5.57286165265,0.0564675817803,-0.132014487357,-0.162194524584,222.43425851,0.628327906132,0.592502951622,0.428392142057,0.0208102092147,0.0232795905322,0.036437112838,0.0108368275687,0.0112953865901,0.0693897232413,450,0
2021/09/06/13:42:36.414507,1465,0,64,126,0,101,180,2051,46830000,0,19988,13754,3,54,22.2983188795,114.177885529,8.74251414929,-2.20000004768,-5.35396444426,-5.74056281276,0.0651138453158,-0.910718330824,-0.581554318964,224.558578632,0.643773794174,0.596425235271,0.440463244915,0.0210831686854,0.0231529735029,0.0368019528687,0.0106909573078,0.0113192433491,0.0695748776197,450,0
2021/09/06/13:42:37.106538,1465,0,64,126,0,101,180,2051,46831000,0,19988,13754,3,54,22.2982714313,114.17783137,8.83147576079,-2.20000004768,-5.11428208543,-5.61321172939,0.151612335937,-1.33668974305,0.309911351346,225.876253181,0.660906434059,0.600024461746,0.45326590538,0.0214614197612,0.0228884387761,0.0373469144106,0.0104777151719,0.0113424072042,0.0697548761964,450,0
2021/09/06/13:42:37.855212,1465,0,64,126,0,102,180,2051,46832000,0,19988,13754,3,54,22.2982263694,114.177778143,8.97221125104,-2.20000004768,-4.85595104457,-5.41254047781,0.147844071978,-1.2038883789,0.305273329269,226.436910823,0.67232054472,0.595627367496,0.466526925564,0.0215905420482,0.0218931343406,0.0372846722603,0.010117505677,0.0112728765234,0.0699100196362,450,0
2021/09/06/13:42:40.276689,1465,0,64,126,0,95,180,2051,46833000,0,19988,13754,3,54,22.2981834805,114.17772671,9.1031636307,-2.20000004768,-4.66231913501,-5.11537182104,0.17569952823,-1.55920686848,0.126916249206,226.359314422,0.69040697813,0.610469639301,0.480420678854,0.022044012323,0.0229267049581,0.0381083860993,0.0102910837159,0.0113274883479,0.0700830295682,450,0
2021/09/06/13:42:44.665329,1465,0,64,126,0,95,170,2051,46834000,524288,19988,13754,3,54,22.2981441652,114.177679986,9.23850315157,-2.20000004768,-4.17483286914,-4.61539349623,0.143016588937,-1.670440993,0.192099273785,226.553921796,0.717904925346,0.628434896469,0.49497961998,0.0227675493807,0.0241390950978,0.0396287590265,0.0105174295604,0.0115468809381,0.070258051157,450,0
2021/09/06/13:42:47.623474,1465,0,64,126,0,113,180,2051,46835000,524288,19988,13754,6,19,22.2981091443,114.177637811,9.37244310323,-2.20000004768,-3.67969284249,-4.10904917464,0.144726135829,-1.60364206705,0.158846191994,226.815176932,0.746880412102,0.647567212582,0.510071456432,0.023535259068,0.0254131574184,0.0412121005356,0.0107457172126,0.0117692183703,0.0704429373145,64,1
2021/09/06/13:42:51.366214,1465,0,64,126,0,110,180,2051,46836000,0,19988,13754,6,19,22.2980764747,114.177598111,9.50608614553,-2.20000004768,-3.50371080073,-3.97788344601,0.122686170096,-1.35116166158,0.250145639647,226.958405768,0.777271270752,0.667585968971,0.52565908432,0.024325652048,0.0267431549728,0.0428404733539,0.0109676150605,0.0119784800336,0.0706203281879,64,2
2021/09/06/13:42:54.118225,1465,0,64,126,0,110,180,2051,46837000,0,19988,13754,3,54,22.2980436885,114.177559222,9.66025280207,-2.20000004768,-3.76383617311,-4.18572387349,0.133031884937,-1.65562995993,0.454010825211,227.055268159,0.806318640709,0.676769554615,0.541704118252,0.0249202754349,0.0270479712635,0.0439471751451,0.0108906915411,0.0121554005891,0.0707689523697,450,0
2021/09/06/13:42:57.373884,1465,0,64,126,0,113,180,2051,46838000,0,19988,13754,3,54,22.2980086946,114.177516883,9.80653765798,-2.20000004768,-4.06421934811,-4.47422445604,0.244285428201,-1.60336847946,0.00966456256028,227.224938387,0.839344024658,0.695738554001,0.558343470097,0.0256322585046,0.0282364487648,0.0454544313252,0.0111088054255,0.0124031575397,0.0709352120757,450,0
2021/09/06/13:43:01.232638,1465,0,64,126,0,106,180,2051,46839000,0,19988,13754,3,54,22.2979716989,114.177471564,9.95575086679,-2.20000004768,-4.25261061501,-4.83317037788,0.146461703529,-2.03028164261,0.346494197257,227.993806712,0.872625052929,0.711566030979,0.575573205948,0.026287464425,0.0290394816548,0.0467942915857,0.0112783387303,0.0126878181472,0.0711074322462,450,0
2021/09/06/13:43:03.858458,1465,0,64,126,0,106,180,2051,46840000,0,19988,13754,3,54,22.2979335514,114.177423056,10.1405786723,-2.20000004768,-4.02087911207,-5.37567022914,0.163860248521,-2.5289164741,0.255534747042,230.159049957,0.903174698353,0.72155380249,0.593360185623,0.0268079526722,0.0294724293053,0.0477775223553,0.0112610468641,0.0128637589514,0.0712917223573,450,0
2021/09/06/13:43:04.753418,1465,0,64,126,0,104,180,2051,46841000,0,19988,13754,3,54,22.2978967914,114.177370349,10.2839277852,-2.20000004768,-4.15449843508,-5.49353210449,0.135917489703,-1.2160752093,-0.161616492946,231.843283981,0.920488059521,0.722719907761,0.611686885357,0.0270095057786,0.0296529792249,0.0475889332592,0.0109455492347,0.0126746250317,0.0714877545834,450,0
2021/09/06/13:43:06.476394,1465,0,64,126,0,103,170,2051,46842000,0,19988,13754,3,54,22.2978585844,114.177317231,10.3832989195,-2.20000004768,-4.38878339554,-5.62202360132,0.0596939291258,-1.41232257649,-0.281883609401,230.751197565,0.958697676659,0.744274437428,0.630701899529,0.0277742631733,0.0310143548995,0.0491535589099,0.0111465929076,0.0128745520487,0.0716442316771,450,0
2021/09/06/13:43:10.755384,1465,0,64,126,0,103,180,2051,46843000,0,19988,13754,3,53,22.2978182192,114.177262334,10.5311812302,-2.20000004768,-4.57429498588,-5.71969967262,0.13042389814,-1.08935031173,-0.106518086531,229.658315478,0.985225856304,0.768149197102,0.650332927704,0.028367780149,0.0319295749068,0.05014609918,0.0113172112033,0.0128533989191,0.0717940256,450,0
2021/09/06/13:43:14.933149,1465,0,64,126,0,111,180,2051,46844000,0,19988,13754,3,53,22.2977762571,114.177205183,10.6506248442,-2.20000004768,-4.8188364467,-5.81566420998,0.110837697377,-0.525671199454,-0.0227970355135,229.278307514,0.986189126968,0.785955667496,0.670538783073,0.0284218303859,0.0327896848321,0.0493832230568,0.0114557035267,0.0125720407814,0.0719425976276,450,0
2021/09/06/13:43:19.784894,1465,0,64,126,0,108,180,2051,46845000,0,19988,13754,3,54,22.2977338515,114.177149646,10.7679667408,-2.20000004768,-4.90203613508,-5.80225069731,0.113682507662,-0.815508686532,-0.133138522835,228.664594421,0.988635003567,0.785358548164,0.689668238163,0.0283824913204,0.0312482919544,0.0486635603011,0.0111657576635,0.0123271197081,0.0720859915018,450,0
2021/09/06/13:43:24.430580,1465,0,64,126,0,107,180,2051,46846000,0,19988,13754,3,54,22.2976900471,114.17709564,10.837751911,-2.20000004768,-4.95389031161,-5.59940716976,0.0558303670219,-1.05481007389,-0.365868835963,227.516621227,1.00151014328,0.77800655365,0.710415661335,0.0283584650606,0.0299691539258,0.0483427383006,0.0108349295333,0.0122728338465,0.0722203180194,450,0
2021/09/06/13:43:26.744157,1465,0,64,126,0,95,180,2051,46847000,0,19988,13754,3,54,22.2976451343,114.177041131,10.9241633862,-2.20000004768,-5.07249051041,-5.56077466278,0.0664208566825,-0.310111983966,-0.238727586651,226.465035298,1.03290903568,0.80081820488,0.731473147869,0.0288810711354,0.0312118344009,0.0495778247714,0.0110793802887,0.0124219004065,0.0723737180233,450,0
2021/09/06/13:43:31.029871,1465,0,64,126,0,95,170,2051,46848000,0,19988,13754,3,54,22.2975992721,114.176988636,11.044221784,-2.20000004768,-5.1016704669,-5.42819241549,0.120305442477,-1.00633330102,-0.148062607512,225.456191341,1.072260499,0.825534462929,0.753868997097,0.0296334121376,0.0326284579933,0.0511680208147,0.0113090863451,0.0126419449225,0.0725310817361,450,0
2021/09/06/13:43:33.632354,1465,0,64,126,0,103,180,2051,46849000,0,19988,13754,6,19,22.2975527374,114.17693596,11.1724513769,-2.20000004768,-5.21633852231,-5.41137720963,0.0914294023955,-0.445010189477,-0.235172236675,225.461434378,1.11328959465,0.851650297642,0.776837468147,0.0303974635899,0.0340935662389,0.0528139770031,0.0115438168868,0.0128737231717,0.0726980417967,64,1
2021/09/06/13:43:34.677820,1465,0,64,126,0,103,180,2051,46850000,0,19988,13754,6,19,22.2975052226,114.17688205,11.2976498334,-2.20000004768,-5.17755461815,-5.52105535741,0.122408076326,-1.23104737548,0.06834264372,225.802106816,1.15219569206,0.874732851982,0.800351381302,0.0310522448272,0.0354803912342,0.0541307702661,0.0117026157677,0.0130378575996,0.0728782042861,64,2
2021/09/06/13:43:35.578519,1465,0,64,126,0,105,180,2051,46851000,0,19988,13754,3,54,22.2974595577,114.176829966,11.4556344775,-2.20000004768,-4.98425840755,-5.47774162051,0.272490088484,-0.17790035308,0.477574908055,226.068912901,1.182497859,0.865346729755,0.82437235117,0.0314626693726,0.0338670052588,0.0545637756586,0.0112840132788,0.01312796399,0.0730499923229,450,0
2021/09/06/13:43:39.144163,1465,0,64,126,0,104,180,2051,46852000,0,19988,13754,3,54,22.2974155854,114.176778549,11.6529025752,-2.20000004768,-4.89882959325,-5.21043941911,0.142769663374,0.851174356857,0.147425790337,226.072137826,1.21366250515,0.879935741425,0.849035680294,0.0320352651179,0.0345758087933,0.0553542524576,0.0113392006606,0.0132301803678,0.0732214078307,450,0
2021/09/06/13:43:42.170034,1465,0,64,126,0,104,180,2051,46853000,0,19988,13754,3,54,22.2973764811,114.176729039,11.8127863389,-2.20000004768,-4.73209732991,-5.06798316354,0.176662151149,0.8946460155,0.0289335313604,226.193675958,1.20004117489,0.886925876141,0.874188780785,0.0319587551057,0.0329843983054,0.0541385374963,0.0112031232566,0.0128130214289,0.0733747407794,450,0
2021/09/06/13:43:46.166420,1465,0,64,126,0,101,180,2051,46854000,0,19988,13754,3,54,22.2973361049,114.176681403,11.9773381772,-2.20000004768,-4.52568695796,-5.04677006847,0.189125454304,0.49487169118,-0.00702933449653,226.826368804,1.18703186512,0.88105070591,0.899923682213,0.0317431278527,0.0328691378236,0.0523054972291,0.0110974833369,0.0125736556947,0.0735197365284,450,0
2021/09/06/13:43:50.355487,1465,0,64,126,0,101,180,2051,46855000,0,19988,13754,3,54,22.2972984236,114.176633402,12.1337572914,-2.20000004768,-4.17137668005,-4.99392509549,0.136890154645,1.28673168304,-0.23023077466,228.454814362,1.19835317135,0.893424928188,0.92538022995,0.0319835171103,0.0338020436466,0.0522301383317,0.0112832970917,0.0126227689907,0.0737051069736,450,0
2021/09/06/13:43:53.765260,1465,0,64,126,0,109,180,2051,46856000,0,19988,13754,3,54,22.2972621728,114.176584865,12.2869111011,-2.20000004768,-4.02755225103,-5.13985654975,0.230592959048,1.91955435015,0.180909883854,231.25909217,1.23507809639,0.918441414833,0.952141463757,0.0327273011208,0.0349736697972,0.0535889007151,0.0115925045684,0.0128883598372,0.0739254057407,450,0
2021/09/06/13:43:56.844270,1465,0,64,126,0,110,180,2051,46857000,0,19988,13754,3,54,22.2972293014,114.176534773,12.451791523,-2.20000004768,-3.53404578003,-5.30916577921,0.178562438933,1.61893992923,0.212871822509,235.169677087,1.26437926292,0.944039940834,0.979539096355,0.0333806201816,0.035500086844,0.0547419041395,0.0118238264695,0.0129772592336,0.074176594615,450,0
2021/09/06/13:44:01.983389,1465,0,64,126,0,110,180,2051,46858000,0,19988,13754,3,54,22.2972013791,114.176482476,12.6232184842,-2.20000004768,-2.98781636987,-5.50045205472,0.10401121581,1.58165828376,-0.205309472015,240.652399183,1.28574502468,0.969910979271,1.0074557066,0.0339883901179,0.0353002771735,0.0556595288217,0.0119521887973,0.0129968002439,0.0744770169258,450,0
2021/09/06/13:44:03.322799,1465,0,64,126,0,112,180,2051,46859000,0,19988,13754,3,54,22.2971804282,114.176427051,12.7821506923,-2.20000004768,-2.28692511502,-5.91626966619,0.0898096839921,1.6883436471,0.247197609583,248.703775074,1.2993953228,0.996358036995,1.03596878052,0.0345346108079,0.0344714336097,0.0563425719738,0.0119002694264,0.0127804428339,0.0748289898038,450,0
2021/09/06/13:44:04.098519,1465,0,64,126,0,105,180,2051,46860000,0,19988,13754,3,54,22.2971682197,114.176365504,12.9323319821,-2.20000004768,-1.40087927292,-6.3293808604,0.116838845062,1.9149951158,-0.147752472078,256.70763561,1.29898810387,1.00744795799,1.06488740444,0.0347799956799,0.0332511998713,0.0559862554073,0.0117635438219,0.0125151919201,0.0752215757966,450,0
2021/09/06/13:44:06.542614,1465,0,64,126,0,104,180,2051,46861000,0,19988,13754,3,54,22.297160023,114.176301299,13.0531874066,-2.20000004768,-0.64014806771,-6.74568672036,0.110370890535,1.95653071813,-0.260301329495,264.319792442,1.33537948132,1.03272283077,1.09453809261,0.0355469286442,0.0345153845847,0.0572517365217,0.0118721229956,0.0126641206443,0.0756809264421,450,0
2021/09/06/13:44:10.239693,1465,0,64,126,0,104,180,2051,46862000,0,19988,13754,3,54,22.2971582324,114.176235073,13.1913753645,-2.20000004768,0.0202400349091,-6.81951858743,0.199281658639,1.61583667496,0.702153373532,269.846333674,1.37020874023,1.06114804745,1.1247407198,0.0363507866859,0.0360188111663,0.0585238933563,0.0120520265773,0.0127821331844,0.076118580997,450,0
2021/09/06/13:44:14.446787,1465,0,64,126,0,96,180,2051,46863000,0,19988,13754,3,54,22.2971617578,114.176167913,13.356205293,-2.20000004768,0.462705462882,-6.96347605374,0.173555970286,1.28826876655,0.275179029872,273.367373418,1.38084518909,1.07963848114,1.15452289581,0.0368766672909,0.0368201397359,0.0586451552808,0.012118473649,0.0127423880622,0.0764780342579,450,0
2021/09/06/13:44:18.946176,1465,0,64,126,0,96,180,2051,46864000,0,19988,13754,3,54,22.2971702198,114.176100889,13.5103175035,-2.20000004768,0.654975622054,-6.76959807342,0.135861784534,1.3628823979,-0.00807204908159,275.362747901,1.38256633282,1.09750247002,1.18485832214,0.0372574441135,0.037378013134,0.0581824332476,0.0121826641262,0.0126174176112,0.076718300581,450,0
2021/09/06/13:44:22.928874,1465,0,64,126,0,97,180,2051,46865000,0,19988,13754,3,54,22.2971764877,114.176036987,13.6753063556,-2.20000004768,0.651923072691,-6.47604523919,0.166290006346,1.26855793225,-0.418454213405,275.933042616,1.42185795307,1.12212061882,1.21584153175,0.0380619503558,0.0381589382887,0.0596285276115,0.0122614018619,0.0128058018163,0.0769122093916,450,0
2021/09/06/13:44:25.596107,1465,0,64,126,0,97,180,2051,46866000,0,19988,13754,3,54,22.2971816876,114.175978545,13.8240932748,-2.20000004768,0.578541657063,-5.91841201886,0.179146790621,1.6642197401,-0.098526296137,275.591979017,1.44150173664,1.07739388943,1.24508261681,0.0378587022424,0.0342789255083,0.0588556751609,0.0114188175648,0.0128921419382,0.0767699405551,450,0
2021/09/06/13:44:26.802544,1465,0,64,126,0,94,180,2051,46867000,0,19988,13754,3,54,22.2971851308,114.17592989,13.9588282527,-2.20000004768,0.290148278365,-4.64814569848,0.163216876363,1.73382386913,-0.270078073397,274.560308726,1.44124639034,1.03977274895,1.26987218857,0.0378981493413,0.0314856618643,0.0570651739836,0.0108386036009,0.0128436004743,0.0767101868987,450,0
2021/09/06/13:44:27.899459,1465,0,64,126,0,94,180,2051,46868000,0,19988,13754,3,54,22.2971881082,114.175889565,14.1374045331,-2.20000004768,0.0974189898188,-3.93577653034,0.157941074838,1.55339668561,0.214077990374,273.101652109,1.4123197794,1.00324261189,1.30038797855,0.0375719107687,0.0294749438763,0.0545473881066,0.0104489000514,0.0126199908555,0.0766702070832,450,0
2021/09/06/13:44:28.667983,1465,0,64,126,0,96,180,2051,46869000,0,19988,13754,3,54,22.2971951254,114.175854717,14.0999817559,-2.20000004768,0.181627222423,-3.88657020413,0.164086859646,1.64429785142,-0.292580198683,272.172253651,1.22482025623,0.879310727119,1.28700482845,0.0354611799121,0.020125085488,0.0409826897085,0.00905992649496,0.0112598128617,0.0765748247504,450,0
2021/09/06/13:44:30.153675,1465,0,64,126,0,95,180,2051,46870000,0,19988,13754,3,54,22.2971953555,114.175818952,13.8768897057,-2.20000004768,-0.00551371386758,-3.69000241906,0.066231543486,1.21071158892,0.0990730719356,271.437785993,1.0983029604,0.805798828602,1.27002573013,0.0343971922994,0.0166146382689,0.0350653603673,0.00873391143978,0.0108210891485,0.076458312571,195,0
2021/09/06/13:44:33.691111,1465,0,64,126,0,83,180,2051,46871000,0,19988,13754,3,54,22.2971947987,114.175787246,13.3554285588,-2.20000004768,0.0586862028817,-3.02681513339,0.150392829015,0.653287006805,0.0879135477621,271.337615593,0.997209489346,0.758483588696,1.2437826395,0.0328138880432,0.0143794864416,0.0294066891074,0.00862472690642,0.0102268066257,0.0763647481799,450,0
2021/09/06/13:44:37.989648,1465,0,64,126,0,83,180,2051,46872000,0,19988,13754,3,54,22.297195734,114.175759621,12.9987619799,-2.20000004768,0.156127109297,-3.18606670954,0.110084598741,-0.245984631024,0.375825500308,273.538931215,0.933218002319,0.723914563656,1.22188591957,0.0315624698997,0.0130662294105,0.0259645134211,0.00856686290354,0.0098938094452,0.076354265213,450,0
2021/09/06/13:44:41.429141,1465,0,64,126,0,84,180,2051,46873000,0,19988,13754,3,54,22.297199868,114.175723793,12.836704582,-2.20000004768,0.295071051489,-3.92784348598,0.168164303319,-0.556067311774,0.146008084826,275.121869937,0.891026437283,0.697253406048,1.20408046246,0.0305799804628,0.0121915712953,0.0236687287688,0.00853695720434,0.0096963616088,0.0763736367226,450,0
2021/09/06/13:44:44.877131,1465,0,64,126,0,84,180,2051,46874000,0,19988,13754,3,54,22.2972038902,114.175683946,12.7356417682,-2.20000004768,0.642324897021,-4.28363369935,0.134033522345,-1.28024943748,0.449761248026,277.174524603,0.8536708951,0.673956871033,1.20585799217,0.0300206318498,0.011877708137,0.0217918120325,0.00861034635454,0.00951135158539,0.076411947608,450,0
2021/09/06/13:44:48.237404,1465,0,64,126,0,103,180,2051,46875000,0,19988,13754,3,54,22.297211682,114.175640912,12.6038532592,-2.20000004768,0.891408272545,-4.67250811776,0.106936903323,-0.734560591209,0.635898088304,280.848400369,0.822122097015,0.652934074402,1.20177578926,0.0293231531978,0.0120560312644,0.020197302103,0.00877209380269,0.00928633846343,0.0765925347805,450,0
2021/09/06/13:44:51.921798,1465,0,64,126,0,95,180,2051,46876000,0,19988,13754,3,54,22.2972241799,114.175598607,12.3195270104,-2.20000004768,1.8554277073,-4.30238685104,0.182662265867,-0.304003380747,1.16395114321,290.981607973,0.791493415833,0.641262769699,1.20431375504,0.0284386351705,0.0125358123332,0.019468234852,0.00884324591607,0.00917978771031,0.0770073533058,450,0
2021/09/06/13:44:54.892644,1465,0,64,126,0,90,180,2051,46877000,0,19988,13754,3,54,22.2972451392,114.175560712,12.300589228,-2.20000004768,2.82526866692,-3.49493813309,0.164346901125,0.636414014177,0.50635387177,305.22656595,0.775356292725,0.639297366142,1.1971527338,0.0281263906509,0.0131782544777,0.019123217091,0.00897471606731,0.0092852441594,0.0778775140643,450,0
2021/09/06/13:44:56.457801,1465,0,64,126,0,90,180,2051,46878000,0,19988,13754,3,54,22.2972745752,114.175530254,12.3431109311,-2.20000004768,3.75385151685,-2.79241405804,0.138429071852,-0.521291326754,0.691929425205,321.144142541,0.760646402836,0.637350618839,1.19060766697,0.0279670488089,0.0138626368716,0.0191360134631,0.00906257890165,0.00934826023877,0.0790499225259,450,0
2021/09/06/13:44:57.628085,1465,0,64,126,0,98,180,2051,46879000,0,19988,13754,3,54,22.2973100748,114.175507139,12.2482460765,-2.20000004768,4.20726913473,-1.91621602162,0.0867838914237,-2.31015241985,-0.714806983353,333.09330369,0.746544778347,0.635227382183,1.18894720078,0.027947390452,0.0146022615954,0.0192797910422,0.00914857070893,0.00942954327911,0.0801329389215,450,0
2021/09/06/13:45:00.911665,1465,0,64,126,0,98,180,2051,46880000,0,19988,13754,3,54,22.2973499447,114.17549346,11.9602375105,-2.20000004768,4.61721120364,-1.00033583975,0.0259660720622,-1.84098229504,-0.0622394957287,346.367864859,0.735727012157,0.6332244277,1.19336998463,0.0278753377497,0.0157211534679,0.0193510148674,0.00929191429168,0.00939899031073,0.0811312794685,450,0
2021/09/06/13:45:05.593275,1465,0,64,126,0,97,180,2051,46881000,0,19988,13754,3,54,22.2973942649,114.175490326,11.7020348553,-2.20000004768,5.127907788,0.261648049603,0.117151488866,-2.10403384724,0.103665802001,0.97231795556,0.726591050625,0.631388068199,1.196621418,0.0277051571757,0.0163984149694,0.0194421242923,0.00937663484365,0.00936460029334,0.0823346674442,450,0
2021/09/06/13:45:10.959525,1465,0,64,126,0,97,180,2051,46882000,0,19988,13754,3,54,22.297441476,114.17549712,11.6098995628,-2.20000004768,5.48379347315,0.959758163304,0.0750626982291,-1.01442416178,0.222944800525,8.96450212682,0.718408405781,0.622749209404,1.21327102184,0.0278418716043,0.0176299568266,0.0199716128409,0.00950077455491,0.00933539122343,0.0834177881479,450,0
2021/09/06/13:45:13.026020,1465,0,64,126,0,98,180,2051,46883000,0,19988,13754,3,54,22.2974931913,114.175507125,11.5550959706,-2.20000004768,5.9985662503,0.952136049475,0.0872578938492,-0.763210569806,0.4145650243,8.9652579133,0.711419761181,0.61566644907,1.22578513622,0.0277253650129,0.0184983778745,0.0202600248158,0.00955395959318,0.00923227891326,0.083426207304,450,0
2021/09/06/13:45:16.609800,1465,0,64,126,0,97,180,2051,46884000,0,19988,13754,3,54,22.2975494894,114.175516631,11.5609900327,-2.20000004768,6.50951413139,0.960498150406,0.0776214882358,-0.85951184756,0.291097121863,7.60595807272,0.705758571625,0.614846765995,1.24082374573,0.0280069261789,0.0195315834135,0.0208457261324,0.00966992136091,0.00933505687863,0.0832949355245,450,0
2021/09/06/13:45:20.043826,1465,0,64,126,0,97,180,2051,46885000,0,19988,13754,3,54,22.297610203,114.175525613,11.5465995688,-2.20000004768,6.99362764408,0.915384137435,0.0312102963263,-0.266775930975,-0.0913992512672,6.67331344181,0.7008061409,0.614429473877,1.25824165344,0.0281846988946,0.0205632708967,0.0210780501366,0.00974468979985,0.00932531058788,0.0830480009317,450,0
2021/09/06/13:45:21.916367,1465,0,64,126,0,97,180,2051,46886000,0,19988,13754,3,54,22.2976739706,114.175535255,11.4519685069,-2.20000004768,7.43006895793,1.07301591704,0.13986430899,-0.282292582365,0.428160053406,7.06171924241,0.677260875702,0.606259644032,1.2226023674,0.0273375846446,0.0209718402475,0.0204665865749,0.00971315521747,0.00906982738525,0.0827829316258,450,0
2021/09/06/13:45:22.859737,1465,0,64,126,0,96,180,2051,46887000,0,19988,13754,3,53,22.2977420647,114.17554577,11.4258923307,-2.20000004768,7.74418347501,1.15553639921,0.0537303831677,-0.242362774317,0.0877642983835,7.49870677558,0.677841484547,0.607218325138,1.23478639126,0.0274031665176,0.0216910857707,0.0199660342187,0.00977774523199,0.0088877081871,0.0828142985702,195,0
2021/09/06/13:45:23.862989,1465,0,64,126,0,96,180,2051,46888000,0,19988,13754,3,53,22.2978135258,114.175557143,11.4357537068,-2.20000004768,8.08021390417,1.22031546959,0.148453726329,-0.496231739028,0.230678906106,7.69555720688,0.678417682648,0.608877062798,1.24276959896,0.027454091236,0.0225633326918,0.0197372082621,0.00990393292159,0.00877218320966,0.082908436656,450,0
2021/09/06/13:45:26.371366,1465,0,64,126,0,107,180,2051,46889000,0,19988,13754,3,53,22.2978875323,114.175569393,11.3670719173,-2.20000004768,8.41060579679,1.32873622442,0.00377424864265,0.100062821925,-0.204520747747,7.79387927712,0.679029583931,0.611337840557,1.2582410574,0.0276445429772,0.0235157068819,0.019928611815,0.0100327869877,0.00878102332354,0.0830275863409,450,0
2021/09/06/13:45:29.846412,1465,0,64,126,0,97,180,2051,46890000,0,19988,13754,3,53,22.2979652366,114.1755822,11.3445877982,-2.20000004768,8.84208583767,1.30036505623,0.0298156005439,0.61149962316,0.30287538935,7.55257230655,0.679710924625,0.614816725254,1.2768291235,0.0278769433498,0.0245451722294,0.0206226035953,0.0102010145783,0.00889540184289,0.0831890180707,450,0
2021/09/06/13:45:31.565296,1465,0,64,126,0,97,180,2051,46891000,0,19988,13754,3,53,22.2980470092,114.175594879,11.4108400699,-2.20000004768,9.19973445489,1.36664597577,0.0919029912185,-0.120756036425,0.363229147123,7.35031507013,0.680543482304,0.619503736496,1.29886639118,0.0283265411854,0.0258849933743,0.0214874148369,0.0103435972705,0.00899615231901,0.0832990780473,450,0
2021/09/06/13:45:33.734178,1465,0,64,126,0,106,180,2051,46892000,0,19988,13754,3,53,22.2981313608,114.175607977,11.4431343945,-2.20000004768,9.42985157145,1.42799815129,0.11902076816,-0.475253401721,0.557622214055,7.61402313508,0.681494235992,0.625596880913,1.31964540482,0.0287784226239,0.0273341760039,0.0225009899586,0.0105528282002,0.00915221311152,0.0834756493568,450,0
2021/09/06/13:45:37.436869,1465,0,64,126,0,102,170,2051,46893000,0,19988,13754,3,53,22.2982159074,114.175621319,11.4766425136,-2.20000004768,9.65511807525,1.34762305421,0.13616377368,0.00483506455174,0.404797793628,7.01425316718,0.682771623135,0.63315320015,1.34061729908,0.029251402244,0.0287294462323,0.0235388185829,0.0107592847198,0.00935249961913,0.0836594849825,450,0
2021/09/06/13:45:40.402696,1465,0,64,126,0,102,180,2051,46894000,0,19988,13754,3,53,22.2983037179,114.175634233,11.5354264844,-2.20000004768,9.82805128141,1.36113443242,0.0503616941302,-0.300576490631,0.0641820536917,6.93435866922,0.684368610382,0.642455935478,1.36316514015,0.029734686017,0.0301586855203,0.0246372893453,0.0109506398439,0.00962169189006,0.0838156789541,450,0
2021/09/06/13:45:44.470395,1465,0,64,126,0,104,180,2051,46895000,0,19988,13754,3,53,22.2983946067,114.17564781,11.5371381147,-2.20000004768,10.0279953607,1.33683527308,0.0641453073738,-0.604817406148,0.317081175973,6.94094093586,0.686244189739,0.653150141239,1.38553392887,0.0301559362561,0.031245386228,0.0257553122938,0.0111076971516,0.00966356694698,0.083969719708,450,0
2021/09/06/13:45:47.982200,1465,0,64,126,0,104,170,2051,46896000,0,19988,13754,3,53,22.2984837626,114.175661316,11.5092883874,-2.20000004768,10.0980178348,1.40843228511,0.0450960201365,-0.517707314332,0.212305235355,6.96484633226,0.688618659973,0.665942072868,1.40430164337,0.0306529067457,0.0327269770205,0.0267742052674,0.0112592531368,0.00993903167546,0.0841823518276,450,0
2021/09/06/13:45:51.146483,1465,0,64,126,0,104,170,2051,46897000,0,19988,13754,3,53,22.298576199,114.175675302,11.5496500414,-2.20000004768,10.0192551228,1.41742511375,0.0536490941889,-0.568944424866,0.207363183266,7.09792352638,0.691688597202,0.681146919727,1.42734265327,0.0312055591494,0.0342656187713,0.0280533470213,0.0114014809951,0.010250187479,0.0843779817224,450,0
2021/09/06/13:45:55.462413,1465,0,64,126,0,96,170,2051,46898000,0,19988,13754,3,53,22.2986652142,114.175689021,11.5916943001,-2.20000004768,9.6596674444,1.40629951336,0.0518861369917,-0.762274848154,0.304495051456,7.30917973782,0.695461571217,0.698627352715,1.44982433319,0.0317615196109,0.0358213856816,0.0293662846088,0.011571357958,0.0104279881343,0.0845845416188,450,0
2021/09/06/13:45:59.326462,1465,0,64,126,0,96,170,2051,46899000,524288,19988,13754,3,53,22.2987506578,114.175702334,11.6619931543,-2.20000004768,9.19522106586,1.33807220189,0.0715840075562,-0.806813434783,0.159037076589,7.17849382177,0.700169086456,0.718502759933,1.47717750072,0.0323856621981,0.0373765677214,0.0308148581535,0.0117437150329,0.0106871472672,0.0847781822085,450,0
2021/09/06/13:46:01.972527,1465,0,64,126,0,108,180,2051,46900000,0,19988,13754,6,19,22.2988308248,114.175714898,11.7129159532,-2.20000004768,8.73458367667,1.3124780229,0.0432164959675,-0.726589283625,0.109523865308,7.38770452718,0.705895364285,0.740865111351,1.50493836403,0.0330269895494,0.038982860744,0.0323340967298,0.0120262382552,0.0109122442082,0.0849493965507,64,1
2021/09/06/13:46:03.335847,1465,0,64,126,0,104,170,2051,46901000,0,19988,13754,6,19,22.2989080327,114.17572731,11.7868920295,-2.20000004768,8.33681180195,1.2614604831,0.0941710723416,-0.295551509988,0.530040149623,7.37435893413,0.71278989315,0.765784740448,1.53311109543,0.0336730405688,0.0406202450395,0.0339043289423,0.0122745987028,0.011061844416,0.0851486772299,64,2
2021/09/06/13:46:05.808409,1465,0,64,126,0,102,180,2051,46902000,0,19988,13754,6,19,22.2989811046,114.175738876,11.8563050488,-2.20000004768,7.83253425467,1.22875216878,0.0578446398973,-0.736552477059,0.211753090901,7.56465153019,0.721003234386,0.793305456638,1.56169629097,0.0343448482454,0.0423205159605,0.035525303334,0.0124467005953,0.0113380597904,0.0852975100279,64,3
2021/09/06/13:46:07.707424,1465,0,64,126,0,102,180,2051,46903000,0,19988,13754,3,19,22.2990498207,114.175750458,11.9250968862,-2.20000004768,7.1649186588,1.14524274175,0.0214279236308,-0.529793171446,0.0935451795557,7.98537464805,0.730683326721,0.823466062546,1.59070491791,0.0350253805518,0.0440573990345,0.0372054874897,0.0126564037055,0.0115881133825,0.085528999567,192,4
2021/09/06/13:46:10.666784,1465,0,64,126,0,98,180,2051,46904000,0,19988,13754,3,54,22.2991112426,114.175761271,11.9723824821,-2.20000004768,6.37125190304,1.05953623428,0.0966624356533,-0.667530383771,0.0639175801209,8.55584510375,0.738955199718,0.847087979317,1.61795842648,0.0353551544249,0.0448000542819,0.0381907820702,0.0126925613731,0.0115647614002,0.0856992006302,448,0
2021/09/06/13:46:15.500611,1465,0,64,126,0,98,170,2051,46905000,0,19988,13754,3,54,22.2991629289,114.175771063,12.0175118838,-2.20000004768,5.32982620375,0.946553383634,0.0613313266348,-0.710170119122,-0.00492328911556,9.00278797591,0.750251531601,0.880572974682,1.64742648602,0.0359850004315,0.0463598705828,0.0398713164032,0.012869217433,0.0117539009079,0.0858702883124,450,0
2021/09/06/13:46:17.938637,1465,0,64,126,0,102,170,2051,46906000,0,19988,13754,3,53,22.2992074375,114.175779861,12.0556266662,-2.20000004768,4.25633643597,0.763372986327,0.018891033329,-0.50377897542,-0.220223385365,9.27951888882,0.761730968952,0.917171299458,1.67216026783,0.0365310385823,0.0479996949434,0.0413088016212,0.0130046373233,0.0119046028703,0.0860777720809,450,0
2021/09/06/13:46:21.428207,1465,0,64,126,0,96,180,2051,46907000,0,19988,13754,3,53,22.2992393166,114.17578622,12.0744242324,-2.20000004768,2.82099780925,0.502890098674,0.0538190722291,-0.16561007172,0.0729629571831,9.06750506821,0.774223089218,0.956368505955,1.69962465763,0.0371067859232,0.0497035458684,0.0428353175521,0.0131640573964,0.0119127966464,0.0862588658929,450,0
2021/09/06/13:46:24.712850,1465,0,64,126,0,96,180,2051,46908000,0,19988,13754,3,53,22.2992593224,114.175790157,12.1158744218,-2.20000004768,1.5850808674,0.291797400262,0.0321574580432,0.000796986699481,0.0936380008278,8.88651113335,0.786380827427,0.998146831989,1.72608947754,0.0376767069101,0.0514529272914,0.0442733056843,0.0133026903495,0.0118674971163,0.0864167585969,450,0
2021/09/06/13:46:28.503692,1465,0,64,126,0,107,180,2051,46909000,0,19988,13754,3,53,22.2992713785,114.175792629,12.1030460941,-2.20000004768,0.838758180943,0.15564678432,0.0366072122637,-0.0133716947202,-0.184400067418,8.72636390554,0.78361415863,1.03116714954,1.74810123444,0.0378975607455,0.0515901558101,0.0441232770681,0.0132871204987,0.0113550508395,0.0865115001798,450,0
2021/09/06/13:46:29.305307,1465,0,64,126,0,100,180,2051,46910000,0,19988,13754,3,54,22.2992778445,114.175790947,11.7472403031,-2.20000004768,0.156642627373,0.0266398970447,0.0245409963414,0.0221913590823,-0.1250254143,8.66408084627,0.773265898228,1.00467443466,1.75445818901,0.0363064110279,0.048648905009,0.0404335223138,0.0125562679023,0.010639208369,0.086257301271,450,0
2021/09/06/13:46:30.339384,1465,0,64,126,0,100,180,2051,46911000,0,19988,13754,3,54,22.2992784896,114.17579027,11.6298296768,-2.20000004768,-0.0176925572714,-0.0198962953506,0.019608939783,0.034115423242,-0.0536593576491,8.65618378346,0.759886324406,0.961010873318,1.75948703289,0.0346195101738,0.0444225743413,0.0360650457442,0.0117448652163,0.00993142556399,0.0859444439411,450,0
2021/09/06/13:46:31.091291,1465,0,64,126,0,103,180,2051,46912000,0,19988,13754,3,54,22.2992790281,114.17579042,11.4751166245,-2.20000004768,-0.0116973768859,-0.00153310958648,0.0124495076878,0.029561080167,-0.0441498355601,8.65765466917,0.74980443716,0.920954883099,1.74104440212,0.0330986529589,0.0397443398833,0.0327783897519,0.0110592525452,0.00945573952049,0.0857518315315,450,0
2021/09/06/13:46:34.452120,1465,0,64,126,0,103,180,2051,46913000,0,19988,13754,3,54,22.2992789389,114.175791067,11.3718781201,-2.20000004768,-0.00458601802135,-0.00544004834415,0.00763239103532,0.033629985265,-0.0483605683415,8.65651659014,0.743865668774,0.896619737148,1.73283100128,0.032249558717,0.0367657952011,0.0303174201399,0.0106677850708,0.00923564378172,0.0856779590249,450,0
2021/09/06/13:46:38.142607,1465,0,64,126,0,102,180,2051,46914000,0,19988,13754,3,54,22.2992790852,114.175790947,11.291275912,-2.20000004768,0.00138620478611,0.00367646398388,-0.00295118833149,0.0367710940055,-0.0478641256025,8.65754739435,0.740644335747,0.888599216938,1.74209880829,0.0318911261857,0.0353103354573,0.0290417857468,0.0105222715065,0.00914491340518,0.0857297703624,450,0
2021/09/06/13:46:42.285414,1465,0,64,126,0,102,180,2051,46915000,0,19988,13754,3,54,22.2992790055,114.175791198,11.2212785576,-2.20000004768,0.00247003109027,0.0120215843291,-0.00971359009235,0.033987955785,-0.0483744408842,8.65678154212,0.737501144409,0.881865739822,1.74361550808,0.0315083637834,0.0337908938527,0.0280549358577,0.0104106944054,0.00907903537154,0.0858302637935,450,0
